account_name,eosdac,pkrdac
111chaka1111,2845.0205 EOSDAC,5.7192 PKRDAC
111eramos111,2476.9158 EOSDAC,4.9792 PKRDAC
1234superman,100.0000 EOSDAC,0.2010 PKRDAC
13r3ec5eosda,14025.4609 EOSDAC,28.1948 PKRDAC
13tkcc1jeosd,5176.6769 EOSDAC,10.4065 PKRDAC
13ukcd3eosda,2905.5330 EOSDAC,5.8409 PKRDAC
13wkac4geosd,74.4000 EOSDAC,0.1496 PKRDAC
13wkjcgeosda,30092.0000 EOSDAC,60.4928 PKRDAC
14r32eosdac1,86896.9205 EOSDAC,174.6856 PKRDAC
14t33c1geosd,5.0000 EOSDAC,0.0101 PKRDAC
14t3adgeosda,6558.5946 EOSDAC,13.1845 PKRDAC
14t3cc5eosda,6533.0857 EOSDAC,13.1332 PKRDAC
14tk4d3eosda,6118.0781 EOSDAC,12.2989 PKRDAC
14u5eosdac11,1036400.3716 EOSDAC,2083.4362 PKRDAC
14v3ed5eosda,4812.0990 EOSDAC,9.6736 PKRDAC
14w33e1teosd,200.6201 EOSDAC,0.4033 PKRDAC
14wkee1qeosd,185.5320 EOSDAC,0.3730 PKRDAC
15eosdac1111,2500000.0000 EOSDAC,5025.6547 PKRDAC
15eosdac1112,2500000.0000 EOSDAC,5025.6547 PKRDAC
15eosdac1113,2500000.0000 EOSDAC,5025.6547 PKRDAC
15eosdac1114,2500000.0000 EOSDAC,5025.6547 PKRDAC
15eosdac1115,2500000.0000 EOSDAC,5025.6547 PKRDAC
1cw5eosdac11,234330.0000 EOSDAC,471.0647 PKRDAC
1edrodrigues,138.7509 EOSDAC,0.2789 PKRDAC
1gtkaeosdac1,100.0000 EOSDAC,0.2010 PKRDAC
1guk5cgeosda,1452.4233 EOSDAC,2.9198 PKRDAC
1gukae5eosda,1430.0000 EOSDAC,2.8747 PKRDAC
1gv5eosdac11,10.1334 EOSDAC,0.0204 PKRDAC
1lukestokes1,4063.1946 EOSDAC,8.1681 PKRDAC
1mvk1eosdac1,14854.8235 EOSDAC,29.8621 PKRDAC
1wonderwoman,100.0000 EOSDAC,0.2010 PKRDAC
1wv33eosdac1,10896.6639 EOSDAC,21.9051 PKRDAC
1wwgeosdac11,108636.6974 EOSDAC,218.3882 PKRDAC
222eramos222,2051.3123 EOSDAC,4.1237 PKRDAC
24r3geosdac1,9357.5818 EOSDAC,18.8112 PKRDAC
25t31eosdac1,10092.3033 EOSDAC,20.2882 PKRDAC
2lukestokes2,15.0000 EOSDAC,0.0302 PKRDAC
432111111111,1.0000 EOSDAC,0.0020 PKRDAC
abracatabra1,1000.0000 EOSDAC,2.0103 PKRDAC
abracatabra2,1000.0000 EOSDAC,2.0103 PKRDAC
abracatabra3,1000.0000 EOSDAC,2.0103 PKRDAC
afurmanczyk1,265106.1620 EOSDAC,532.9328 PKRDAC
afurmanczyk2,200003.0000 EOSDAC,402.0584 PKRDAC
ahn3224qudgh,16487.8813 EOSDAC,33.1450 PKRDAC
ajdkkjd12345,573.4653 EOSDAC,1.1528 PKRDAC
alchemicalme,162837.0000 EOSDAC,327.3450 PKRDAC
alcrypto1522,78100.0000 EOSDAC,157.0015 PKRDAC
all4shambala,100.0000 EOSDAC,0.2010 PKRDAC
alxbransby12,2183.3035 EOSDAC,4.3890 PKRDAC
amazonriver1,1.0000 EOSDAC,0.0020 PKRDAC
androidlinux,10.0000 EOSDAC,0.0201 PKRDAC
andytome1212,301632.4238 EOSDAC,606.3602 PKRDAC
angeljeffrey,100.0000 EOSDAC,0.2010 PKRDAC
anmongsang44,269805.6094 EOSDAC,542.3799 PKRDAC
appleateosio,582.0304 EOSDAC,1.1700 PKRDAC
appreciateit,1.0000 EOSDAC,0.0020 PKRDAC
aprilpeterpa,10.0000 EOSDAC,0.0201 PKRDAC
astronomised,18667.2350 EOSDAC,37.5260 PKRDAC
avantituttaa,1501.8300 EOSDAC,3.0191 PKRDAC
awesomekimkn,50.0000 EOSDAC,0.1005 PKRDAC
awesomeosdac,500.0000 EOSDAC,1.0051 PKRDAC
backtomyhome,55.7924 EOSDAC,0.1122 PKRDAC
bankofkorea1,1.0000 EOSDAC,0.0020 PKRDAC
bankpolskisa,1364.7576 EOSDAC,2.7435 PKRDAC
beawakeosdac,25.0000 EOSDAC,0.0503 PKRDAC
bestlnh11111,1000.0000 EOSDAC,2.0103 PKRDAC
bestlnheosio,1000.0000 EOSDAC,2.0103 PKRDAC
bestlnhoneos,1000.0000 EOSDAC,2.0103 PKRDAC
bestmywallet,55.7477 EOSDAC,0.1121 PKRDAC
betatestrain,10.0000 EOSDAC,0.0201 PKRDAC
bigbluewhale,222.9900 EOSDAC,0.4483 PKRDAC
biomaterials,1000.0000 EOSDAC,2.0103 PKRDAC
blueportugal,19733.8900 EOSDAC,39.6703 PKRDAC
brendonrossi,4634.5317 EOSDAC,9.3166 PKRDAC
brightarmour,1.0000 EOSDAC,0.0020 PKRDAC
brmeoswallet,2006.0697 EOSDAC,4.0327 PKRDAC
captainkarma,50.9140 EOSDAC,0.1024 PKRDAC
carigurdvnkj,10138.2010 EOSDAC,20.3804 PKRDAC
carloseisenb,559.4036 EOSDAC,1.1245 PKRDAC
catchone1225,400873.1785 EOSDAC,805.8601 PKRDAC
chairking111,322.0732 EOSDAC,0.6475 PKRDAC
chairking222,269.7601 EOSDAC,0.5423 PKRDAC
chairking333,114.2315 EOSDAC,0.2296 PKRDAC
chairking444,235.5887 EOSDAC,0.4736 PKRDAC
chairking555,149.8410 EOSDAC,0.3012 PKRDAC
chairkingeos,238.7513 EOSDAC,0.4800 PKRDAC
chargelancer,1.0000 EOSDAC,0.0020 PKRDAC
chen4joselee,4900.8390 EOSDAC,9.8520 PKRDAC
cheng1wallet,11682.2758 EOSDAC,23.4844 PKRDAC
chfkjptvaijd,1595.6506 EOSDAC,3.2077 PKRDAC
chooyongyeon,30308.2113 EOSDAC,60.9274 PKRDAC
chriswalker1,15175.6375 EOSDAC,30.5070 PKRDAC
clintbairdrp,1375.7096 EOSDAC,2.7655 PKRDAC
coffeeandeos,8925.0615 EOSDAC,17.9417 PKRDAC
coingamesstl,100.0000 EOSDAC,0.2010 PKRDAC
coinnam12345,557.0297 EOSDAC,1.1198 PKRDAC
conanewtable,5.0000 EOSDAC,0.0101 PKRDAC
conceptskip1,1351.3227 EOSDAC,2.7165 PKRDAC
conquerthek2,1.0000 EOSDAC,0.0020 PKRDAC
cosmiccredit,61448.3035 EOSDAC,123.5272 PKRDAC
cream5eosdac,1.0000 EOSDAC,0.0020 PKRDAC
crossrubicon,1525.6616 EOSDAC,3.0670 PKRDAC
crownshcrown,100000.2539 EOSDAC,201.0267 PKRDAC
cryptoevgeny,1221.3064 EOSDAC,2.4551 PKRDAC
cryptostates,10009.0000 EOSDAC,20.1207 PKRDAC
cryptowolfe1,3041.2194 EOSDAC,6.1136 PKRDAC
currychicken,50201.0050 EOSDAC,100.9172 PKRDAC
cutiemonster,699.6000 EOSDAC,1.4064 PKRDAC
daclivingeos,1.0000 EOSDAC,0.0020 PKRDAC
dallas4mayor,10.0000 EOSDAC,0.0201 PKRDAC
dallasjohnso,216395.6700 EOSDAC,435.0120 PKRDAC
danmuji.dice,52.5116 EOSDAC,0.1056 PKRDAC
danysofeosss,2081.2500 EOSDAC,4.1839 PKRDAC
db2ss2rm5sr1,2007.0424 EOSDAC,4.0347 PKRDAC
deniscarrier,4287.5535 EOSDAC,8.6191 PKRDAC
dexterzzzzzz,15000.6930 EOSDAC,30.1553 PKRDAC
disderisusia,37429.5027 EOSDAC,75.2431 PKRDAC
distributed1,2.0000 EOSDAC,0.0040 PKRDAC
dividendonly,2.6773 EOSDAC,0.0054 PKRDAC
doctorpascal,140000.0000 EOSDAC,281.4367 PKRDAC
donationtome,49.0000 EOSDAC,0.0985 PKRDAC
dongjuneoskr,5041.5642 EOSDAC,10.1349 PKRDAC
dragonhaerts,32.0000 EOSDAC,0.0643 PKRDAC
dragonticket,3959.9743 EOSDAC,7.9606 PKRDAC
dropthetoken,64764.9184 EOSDAC,130.1944 PKRDAC
edenharris22,10.0000 EOSDAC,0.0201 PKRDAC
eeeeeeeebank,1.0000 EOSDAC,0.0020 PKRDAC
elderberries,9.9900 EOSDAC,0.0201 PKRDAC
electriwhale,4567890.0000 EOSDAC,9182.6551 PKRDAC
emceesgamble,1525.1908 EOSDAC,3.0660 PKRDAC
eocurrencyio,23000.0000 EOSDAC,46.2360 PKRDAC
eos111eosdac,1000100.0000 EOSDAC,2010.4629 PKRDAC
eos114wallet,500.0000 EOSDAC,1.0051 PKRDAC
eos121game11,353321.4864 EOSDAC,710.2687 PKRDAC
eosacclogank,350553.7553 EOSDAC,704.7048 PKRDAC
eosalialieos,2.0271 EOSDAC,0.0041 PKRDAC
eosbankseoul,100.0000 EOSDAC,0.2010 PKRDAC
eosbins12345,51425.3423 EOSDAC,103.3784 PKRDAC
eosblackma45,324366.9963 EOSDAC,652.0626 PKRDAC
eosbuzzwords,9971.5804 EOSDAC,20.0455 PKRDAC
eoschairking,50.5813 EOSDAC,0.1017 PKRDAC
eosclara3333,11.0000 EOSDAC,0.0221 PKRDAC
eoscryptojoe,1.0000 EOSDAC,0.0020 PKRDAC
eosdac12345m,295073.7493 EOSDAC,593.1755 PKRDAC
eosdacattack,200.0000 EOSDAC,0.4021 PKRDAC
eosdacceo111,100.0000 EOSDAC,0.2010 PKRDAC
eosdacforall,1.0000 EOSDAC,0.0020 PKRDAC
eosdachodler,1.0000 EOSDAC,0.0020 PKRDAC
eosdackorean,124365.8096 EOSDAC,250.0078 PKRDAC
eosdaclambos,3000.0010 EOSDAC,6.0308 PKRDAC
eosdacselect,1162038.1987 EOSDAC,2336.0011 PKRDAC
eosdacthekor,500000.0000 EOSDAC,1005.1309 PKRDAC
eosdactopuss,1.0000 EOSDAC,0.0020 PKRDAC
eosdacwemade,459.0000 EOSDAC,0.9227 PKRDAC
eosdacyikong,13879.3203 EOSDAC,27.9011 PKRDAC
eosdev.x,10421.3169 EOSDAC,20.9496 PKRDAC
eosdocthedoc,596716.0817 EOSDAC,1199.5556 PKRDAC
eosfartkings,1.0000 EOSDAC,0.0020 PKRDAC
eosfaulgetty,28.0208 EOSDAC,0.0563 PKRDAC
eosforthetop,344.3113 EOSDAC,0.6922 PKRDAC
eosfractldac,1.0000 EOSDAC,0.0020 PKRDAC
eosholdergod,200.0000 EOSDAC,0.4021 PKRDAC
eoshubeosdaq,10.0000 EOSDAC,0.0201 PKRDAC
eoshubon1412,11555.3130 EOSDAC,23.2292 PKRDAC
eoshulunbuir,6000.7637 EOSDAC,12.0631 PKRDAC
eosificantbe,391941.7176 EOSDAC,787.9055 PKRDAC
eosinjection,476102.7198 EOSDAC,957.0911 PKRDAC
eosistanbul1,100.0000 EOSDAC,0.2010 PKRDAC
eosjjww12345,20.0000 EOSDAC,0.0402 PKRDAC
eoskorea1234,1.0000 EOSDAC,0.0020 PKRDAC
eoskoreanada,50.6963 EOSDAC,0.1019 PKRDAC
eoslauxlayjr,217.9303 EOSDAC,0.4381 PKRDAC
eoslohamave1,49870.6862 EOSDAC,100.2531 PKRDAC
eosmagician1,100.0000 EOSDAC,0.2010 PKRDAC
eosmainaccnt,9.9900 EOSDAC,0.0201 PKRDAC
eosmusicgogo,1000.0000 EOSDAC,2.0103 PKRDAC
eosmusictown,1000.0000 EOSDAC,2.0103 PKRDAC
eososososeos,1000.0000 EOSDAC,2.0103 PKRDAC
eospoolbetio,190.0000 EOSDAC,0.3819 PKRDAC
eosramazotti,20.0000 EOSDAC,0.0402 PKRDAC
eosuseforfun,42024.5244 EOSDAC,84.4803 PKRDAC
eosusrwalle1,100.0000 EOSDAC,0.2010 PKRDAC
eosusrwalle2,100.0000 EOSDAC,0.2010 PKRDAC
eosusrwalle3,100.0000 EOSDAC,0.2010 PKRDAC
eosusrwalle5,100.0000 EOSDAC,0.2010 PKRDAC
eosusrwaller,100.0000 EOSDAC,0.2010 PKRDAC
eosverycool1,19884.0603 EOSDAC,39.9722 PKRDAC
eosxiuchoi22,3432.0000 EOSDAC,6.8992 PKRDAC
ethtothehell,1.0000 EOSDAC,0.0020 PKRDAC
eunsikyoonjx,2.0000 EOSDAC,0.0040 PKRDAC
faulgetty111,5.0000 EOSDAC,0.0101 PKRDAC
faulgettyeos,25.3329 EOSDAC,0.0509 PKRDAC
ffoorryykkww,230.0701 EOSDAC,0.4625 PKRDAC
fieldyyyeung,10005.3899 EOSDAC,20.1135 PKRDAC
fioridicampo,23.7426 EOSDAC,0.0477 PKRDAC
firstchaos12,37733.5269 EOSDAC,75.8543 PKRDAC
foxfanfoxfan,60802.2315 EOSDAC,122.2284 PKRDAC
freedomocean,2348.6798 EOSDAC,4.7215 PKRDAC
friedgermuef,501.0000 EOSDAC,1.0071 PKRDAC
ftowncryptos,100.0000 EOSDAC,0.2010 PKRDAC
fuckeveryday,2.3193 EOSDAC,0.0047 PKRDAC
g13taojrgege,3395.4055 EOSDAC,6.8257 PKRDAC
g42dgmzugene,1812.7835 EOSDAC,3.6442 PKRDAC
g42dknrvgege,5.8370 EOSDAC,0.0117 PKRDAC
g42dsnruhege,84076.1073 EOSDAC,169.0150 PKRDAC
g42tcnrrgyge,1024.2834 EOSDAC,2.0591 PKRDAC
g42tembqhege,52.3866 EOSDAC,0.1053 PKRDAC
g42tgmrrguge,2038.0000 EOSDAC,4.0969 PKRDAC
g42tknzvhege,2331.5890 EOSDAC,4.6871 PKRDAC
g42tmnrvgige,35000.0000 EOSDAC,70.3592 PKRDAC
g42tsmrrgege,3252.9704 EOSDAC,6.5393 PKRDAC
g43dcnjug4ge,353.9390 EOSDAC,0.7115 PKRDAC
g43dkojxgene,200.1492 EOSDAC,0.4024 PKRDAC
g43domrwhage,1004.9514 EOSDAC,2.0202 PKRDAC
g43dqmrsgene,1117.9824 EOSDAC,2.2474 PKRDAC
g43dqobtgege,702.0000 EOSDAC,1.4112 PKRDAC
g43dqojvg4ge,3119.5567 EOSDAC,6.2711 PKRDAC
g43dsobzhege,38665.7630 EOSDAC,77.7283 PKRDAC
g43dsojqgyge,336353.5626 EOSDAC,676.1587 PKRDAC
g43tamzqgene,2399.5000 EOSDAC,4.8236 PKRDAC
g43tcnbugqge,10.0000 EOSDAC,0.0201 PKRDAC
g43temrug4ge,132.7382 EOSDAC,0.2668 PKRDAC
g43tenrvgqge,1280.7691 EOSDAC,2.5747 PKRDAC
g43teobzg4ge,1986.2712 EOSDAC,3.9929 PKRDAC
g43timbqguge,250.0000 EOSDAC,0.5026 PKRDAC
g43timzvhege,2.0000 EOSDAC,0.0040 PKRDAC
g43tinbxhege,820.3290 EOSDAC,1.6491 PKRDAC
g43tinjzgqge,961.4909 EOSDAC,1.9328 PKRDAC
g43tkmagenes,8227.2888 EOSDAC,16.5390 PKRDAC
g43tknztgene,7095.8461 EOSDAC,14.2645 PKRDAC
g43tmnztg4ge,1969.9018 EOSDAC,3.9600 PKRDAC
g43tonjuhage,10006.8792 EOSDAC,20.1164 PKRDAC
g43tsnjsgage,5776.2959 EOSDAC,11.6119 PKRDAC
g43tsnzug4ge,7681.3053 EOSDAC,15.4414 PKRDAC
g44damzsgene,951.7906 EOSDAC,1.9133 PKRDAC
g44damzzg4ge,79.9200 EOSDAC,0.1607 PKRDAC
g44dcmbugmge,497.2705 EOSDAC,0.9996 PKRDAC
g44dcmjqgmge,258221.6371 EOSDAC,519.0931 PKRDAC
g44dcnrug4ge,1001.9757 EOSDAC,2.0142 PKRDAC
g44demjygege,7202.6612 EOSDAC,14.4792 PKRDAC
g44dgobxgene,250.0000 EOSDAC,0.5026 PKRDAC
g44dgojtgige,220998.0210 EOSDAC,444.2639 PKRDAC
g44dinbyhage,6980.4110 EOSDAC,14.0325 PKRDAC
g44dkmjtgqge,3800.0001 EOSDAC,7.6390 PKRDAC
g44dkmrxguge,1085.4410 EOSDAC,2.1820 PKRDAC
g44dkmzthege,173110.0443 EOSDAC,347.9965 PKRDAC
g44dkmzugqge,4096.5150 EOSDAC,8.2351 PKRDAC
g44dknbqgene,1132.4301 EOSDAC,2.2765 PKRDAC
g44dknrwgmge,16336.2216 EOSDAC,32.8401 PKRDAC
g44donzxgyge,33238.8040 EOSDAC,66.8187 PKRDAC
g44dqmjxgige,214388.7553 EOSDAC,430.9775 PKRDAC
g44dqnrwgmge,243438.7235 EOSDAC,489.3756 PKRDAC
g44dqnrxguge,28719.2219 EOSDAC,57.7332 PKRDAC
g44dqnzygege,10027.9899 EOSDAC,20.1589 PKRDAC
g44dqnzygige,5001.9000 EOSDAC,10.0551 PKRDAC
g44dqnzygmge,89968.3785 EOSDAC,180.8600 PKRDAC
g44dsnrwgyge,244.3032 EOSDAC,0.4911 PKRDAC
g44tanigenes,652555.1347 EOSDAC,1311.8067 PKRDAC
g44taobyhege,1.0000 EOSDAC,0.0020 PKRDAC
g44tcojzhege,941630.8655 EOSDAC,1892.9246 PKRDAC
g44temrvg4ge,3930.2221 EOSDAC,7.9008 PKRDAC
g44teobxhage,3000.0000 EOSDAC,6.0308 PKRDAC
g44tgmbxgige,4.0839 EOSDAC,0.0082 PKRDAC
g44tgnrrhage,5009.3793 EOSDAC,10.0702 PKRDAC
g44timrrg4ge,728.7636 EOSDAC,1.4650 PKRDAC
g44tinbxhege,53145.8631 EOSDAC,106.8371 PKRDAC
g44tinrygyge,36570.7506 EOSDAC,73.5168 PKRDAC
g44tinzshege,1634.3381 EOSDAC,3.2854 PKRDAC
g44tombxhege,2.0000 EOSDAC,0.0040 PKRDAC
g44tomzqgege,10114.0388 EOSDAC,20.3319 PKRDAC
g44tonzqgage,2559.8593 EOSDAC,5.1460 PKRDAC
g44tqnjqgmge,37100.0000 EOSDAC,74.5807 PKRDAC
g44tqojthage,167569.0504 EOSDAC,336.8577 PKRDAC
g44tsmjzgege,1839.0800 EOSDAC,3.6970 PKRDAC
g44tsojrgene,552.9354 EOSDAC,1.1115 PKRDAC
g4ydamryguge,450.0368 EOSDAC,0.9047 PKRDAC
g4ydeobygene,2374.2230 EOSDAC,4.7728 PKRDAC
g4ydeojshage,400.0000 EOSDAC,0.8041 PKRDAC
g4ydkmjvgene,216062.8556 EOSDAC,434.3429 PKRDAC
g4ydknjugige,50.0000 EOSDAC,0.1005 PKRDAC
g4ydmojzgege,2500.0000 EOSDAC,5.0257 PKRDAC
g4ydomrvgage,2960.0000 EOSDAC,5.9504 PKRDAC
g4ydsobwgege,507.4687 EOSDAC,1.0201 PKRDAC
g4ytemrvgene,773.0481 EOSDAC,1.5540 PKRDAC
g4ytkmjug4ge,587862.3162 EOSDAC,1181.7572 PKRDAC
g4ytsobwgyge,1994.3323 EOSDAC,4.0091 PKRDAC
g4zdinzuhage,10.1758 EOSDAC,0.0205 PKRDAC
g4zdkobvgage,5000.0000 EOSDAC,10.0513 PKRDAC
g4zdonjxgige,10.7242 EOSDAC,0.0216 PKRDAC
g4ztemjugyge,189.6368 EOSDAC,0.3812 PKRDAC
g4ztimzzg4ge,15454.0000 EOSDAC,31.0666 PKRDAC
g4ztiojwhege,19400.5777 EOSDAC,39.0002 PKRDAC
g4ztknjwgene,1076.4204 EOSDAC,2.1639 PKRDAC
g4ztonzyhage,609480.1494 EOSDAC,1225.2147 PKRDAC
gaingaingain,3514.4109 EOSDAC,7.0649 PKRDAC
gamangnerida,178973.1652 EOSDAC,359.7829 PKRDAC
gameofthrons,100.0000 EOSDAC,0.2010 PKRDAC
ge2domjqgage,1026.5512 EOSDAC,2.0636 PKRDAC
ge2domztgene,5657.9240 EOSDAC,11.3739 PKRDAC
ge2dsmbqgene,10710.3504 EOSDAC,21.5306 PKRDAC
ge2taojrgene,105278.4520 EOSDAC,211.6373 PKRDAC
ge2temzrgene,805.8768 EOSDAC,1.6200 PKRDAC
ge2tkmjvgige,88329.3067 EOSDAC,177.5650 PKRDAC
ge2tknbqgene,15602.4789 EOSDAC,31.3651 PKRDAC
ge2tmmztg4ge,26695.7506 EOSDAC,53.6654 PKRDAC
ge2tmnbtgene,2047.3203 EOSDAC,4.1156 PKRDAC
ge2tsmrxgyge,171562.4745 EOSDAC,344.8855 PKRDAC
ge3denzzgege,35740.3010 EOSDAC,71.8474 PKRDAC
ge3dgnzxgene,4.5966 EOSDAC,0.0092 PKRDAC
ge3dimbwhege,52474.5552 EOSDAC,105.4876 PKRDAC
ge3dkojrhage,149.3379 EOSDAC,0.3002 PKRDAC
ge3dmmzthege,3672.4080 EOSDAC,7.3825 PKRDAC
ge3domjzgage,19039.6921 EOSDAC,38.2748 PKRDAC
ge3donruhage,23432.9525 EOSDAC,47.1064 PKRDAC
ge3dsmbwhege,2085.8297 EOSDAC,4.1931 PKRDAC
ge3dsmrrgyge,6566.7862 EOSDAC,13.2010 PKRDAC
ge3dsobxgige,10000.0781 EOSDAC,20.1028 PKRDAC
ge3dsojrgmge,100.0000 EOSDAC,0.2010 PKRDAC
ge3tenzrgmge,6325.6797 EOSDAC,12.7163 PKRDAC
ge3tgmjtgege,2000.0083 EOSDAC,4.0205 PKRDAC
ge3tgnjwhege,2518.4067 EOSDAC,5.0627 PKRDAC
ge3tinjwgage,87.6121 EOSDAC,0.1761 PKRDAC
ge3tonjuhege,101.9965 EOSDAC,0.2050 PKRDAC
ge3tsnjqgmge,116.2581 EOSDAC,0.2337 PKRDAC
ge3tsobugige,1001.8496 EOSDAC,2.0140 PKRDAC
ge4dcmbwhage,7685.8235 EOSDAC,15.4505 PKRDAC
ge4denzqgage,999.0000 EOSDAC,2.0083 PKRDAC
ge4denzrgage,52867.3907 EOSDAC,106.2773 PKRDAC
ge4dgmjugyge,128.4109 EOSDAC,0.2581 PKRDAC
ge4dgmrxgyge,6256.5000 EOSDAC,12.5772 PKRDAC
ge4dgnjygege,270.6154 EOSDAC,0.5440 PKRDAC
ge4dgobtgyge,13399.3996 EOSDAC,26.9363 PKRDAC
ge4dimbxgige,1096.8780 EOSDAC,2.2050 PKRDAC
ge4dimjqgige,2153.4904 EOSDAC,4.3291 PKRDAC
ge4dimrvgige,4298.6748 EOSDAC,8.6415 PKRDAC
ge4dinjxgege,140000.0423 EOSDAC,281.4367 PKRDAC
ge4dinzzgyge,1151.3735 EOSDAC,2.3146 PKRDAC
ge4dkmrxgege,4663.6014 EOSDAC,9.3751 PKRDAC
ge4dknjtgqge,6828.7538 EOSDAC,13.7276 PKRDAC
ge4dmmbwgage,44395.2679 EOSDAC,89.2461 PKRDAC
ge4dmmzvguge,9987.4576 EOSDAC,20.0774 PKRDAC
ge4dmnjygyge,212.9000 EOSDAC,0.4280 PKRDAC
ge4dmnzrgege,10000.8782 EOSDAC,20.1044 PKRDAC
ge4donrsgene,187.2394 EOSDAC,0.3764 PKRDAC
ge4dqmrygege,446.6860 EOSDAC,0.8980 PKRDAC
ge4dqmzugqge,35.0000 EOSDAC,0.0704 PKRDAC
ge4dqnbwgige,1253.0000 EOSDAC,2.5189 PKRDAC
ge4dqnrug4ge,39.6290 EOSDAC,0.0797 PKRDAC
ge4dqnrvhege,3318.2496 EOSDAC,6.6706 PKRDAC
ge4dqnrwgige,328.7150 EOSDAC,0.6608 PKRDAC
ge4dqojthege,543.8909 EOSDAC,1.0934 PKRDAC
ge4tanrwgege,454.4349 EOSDAC,0.9135 PKRDAC
ge4tcnrxgyge,6.9812 EOSDAC,0.0140 PKRDAC
ge4tenrsgege,3500.0000 EOSDAC,7.0359 PKRDAC
ge4tenzshege,291.0664 EOSDAC,0.5851 PKRDAC
ge4teobsgyge,2506.4004 EOSDAC,5.0385 PKRDAC
ge4tgmbshege,4209.7902 EOSDAC,8.4628 PKRDAC
ge4tgnrsgmge,13325.0545 EOSDAC,26.7868 PKRDAC
ge4timjthage,3083.9100 EOSDAC,6.1995 PKRDAC
ge4timrvgege,37900.4257 EOSDAC,76.1898 PKRDAC
ge4tiobsgige,376.6429 EOSDAC,0.7572 PKRDAC
ge4tmmjsgqge,260924.7816 EOSDAC,524.5271 PKRDAC
ge4tmmrzhage,1051.0366 EOSDAC,2.1129 PKRDAC
ge4tomzuhege,1097.2015 EOSDAC,2.2057 PKRDAC
ge4tonzxgege,3878.5165 EOSDAC,7.7968 PKRDAC
ge4tsnrxgmge,234.7763 EOSDAC,0.4720 PKRDAC
ge4tsojugage,835.0517 EOSDAC,1.6787 PKRDAC
ge4tsojugige,5525.9128 EOSDAC,11.1085 PKRDAC
geldspeicher,3463.3955 EOSDAC,6.9623 PKRDAC
genesis12345,9268.9032 EOSDAC,18.6329 PKRDAC
georgez23eos,3.3328 EOSDAC,0.0067 PKRDAC
geydambsgene,14534.6238 EOSDAC,29.2184 PKRDAC
geydanzqgene,4149.5034 EOSDAC,8.3416 PKRDAC
geydaobugene,499.7802 EOSDAC,1.0047 PKRDAC
geydenjsgmge,11158.9095 EOSDAC,22.4323 PKRDAC
geydenjtgene,2545.4066 EOSDAC,5.1169 PKRDAC
geydenrsgmge,108015.9631 EOSDAC,217.1404 PKRDAC
geydeobsgene,2842.0545 EOSDAC,5.7133 PKRDAC
geydeobvgmge,47.4300 EOSDAC,0.0953 PKRDAC
geydkojwhege,403.4125 EOSDAC,0.8110 PKRDAC
geydmnrtgage,6040.6070 EOSDAC,12.1432 PKRDAC
geydqojugmge,50000.0002 EOSDAC,100.5131 PKRDAC
geydsobqgene,679.4424 EOSDAC,1.3659 PKRDAC
geytamjqhege,30846.5668 EOSDAC,62.0097 PKRDAC
geytenzshage,116.6919 EOSDAC,0.2346 PKRDAC
geytenzwgene,12121.0570 EOSDAC,24.3665 PKRDAC
geyteojvhege,1695.1952 EOSDAC,3.4078 PKRDAC
geytgobrgyge,1442.4476 EOSDAC,2.8997 PKRDAC
geytimzwg4ge,16430.1624 EOSDAC,33.0289 PKRDAC
geytinzygige,1274.6958 EOSDAC,2.5625 PKRDAC
geytkmbvgene,612310.2727 EOSDAC,1230.9040 PKRDAC
geytkmrvgene,2954.8784 EOSDAC,5.9401 PKRDAC
geytknjsgqge,189.2710 EOSDAC,0.3805 PKRDAC
geytknrygene,2997.3000 EOSDAC,6.0254 PKRDAC
geytmmrvgene,15000.9290 EOSDAC,30.1558 PKRDAC
geytmnbqgage,312.8120 EOSDAC,0.6288 PKRDAC
geytmnjvguge,3808.2389 EOSDAC,7.6556 PKRDAC
geytombygmge,59613.3672 EOSDAC,119.8385 PKRDAC
geytqobsgqge,244.1621 EOSDAC,0.4908 PKRDAC
geytsmbygmge,10013.9950 EOSDAC,20.1308 PKRDAC
geytsnbrgene,63616.7802 EOSDAC,127.8864 PKRDAC
gezdanbvgene,1728.1521 EOSDAC,3.4740 PKRDAC
gezdaojtgage,1614.1471 EOSDAC,3.2449 PKRDAC
gezdemzqgege,3096.7258 EOSDAC,6.2252 PKRDAC
gezdemzxgage,2076.1749 EOSDAC,4.1737 PKRDAC
gezdimrzgege,94.3908 EOSDAC,0.1898 PKRDAC
gezdkmzvgene,11487.8215 EOSDAC,23.0935 PKRDAC
gezdknzzgige,305.5658 EOSDAC,0.6143 PKRDAC
gezdmmrrgage,7351.1468 EOSDAC,14.7777 PKRDAC
gezdmnrvgqge,400.3318 EOSDAC,0.8048 PKRDAC
gezdmobyguge,6195.0942 EOSDAC,12.4538 PKRDAC
gezdqmbsgige,227.7800 EOSDAC,0.4579 PKRDAC
gezdqnrxgqge,1050.5000 EOSDAC,2.1118 PKRDAC
geztamjqg4ge,21142.5212 EOSDAC,42.5020 PKRDAC
geztamrxgene,2461.9692 EOSDAC,4.9492 PKRDAC
geztcmjxgyge,4335.9548 EOSDAC,8.7164 PKRDAC
geztsnbrhage,10000.0000 EOSDAC,20.1026 PKRDAC
ghdrkdmf4321,2550935.6423 EOSDAC,5128.0487 PKRDAC
gi2danjvgyge,565.4208 EOSDAC,1.1366 PKRDAC
gi2dcnjzgene,5970.7922 EOSDAC,12.0029 PKRDAC
gi2dinzzgqge,696.1286 EOSDAC,1.3994 PKRDAC
gi2dkmbwguge,19312.6322 EOSDAC,38.8234 PKRDAC
gi2dknjrgege,945.4103 EOSDAC,1.9005 PKRDAC
gi2dknjuhage,4752.6668 EOSDAC,9.5541 PKRDAC
gi2dqmbsguge,1000.8617 EOSDAC,2.0120 PKRDAC
gi2dqnbqg4ge,17841.3942 EOSDAC,35.8659 PKRDAC
gi2dqnjzhage,62.3811 EOSDAC,0.1254 PKRDAC
gi2tamzzgege,21457.8481 EOSDAC,43.1359 PKRDAC
gi2tanbrgyge,61352.4893 EOSDAC,123.3346 PKRDAC
gi2tkmbvgege,700.0000 EOSDAC,1.4072 PKRDAC
gi2tkmjzhage,572.8614 EOSDAC,1.1516 PKRDAC
gi2tknrwgene,644.4973 EOSDAC,1.2956 PKRDAC
gi2tomjyguge,391.7896 EOSDAC,0.7876 PKRDAC
gi2tonjvgage,2894.5764 EOSDAC,5.8189 PKRDAC
gi2tqnjygmge,15371.0298 EOSDAC,30.8998 PKRDAC
gi3danrsgmge,7351.0000 EOSDAC,14.7774 PKRDAC
gi3denjygige,1898.8980 EOSDAC,3.8173 PKRDAC
gi3dkmrsguge,123675.9842 EOSDAC,248.6211 PKRDAC
gi3domzygene,110.0939 EOSDAC,0.2213 PKRDAC
gi3donzuhage,75.0000 EOSDAC,0.1508 PKRDAC
gi3dsmjygene,325.5923 EOSDAC,0.6545 PKRDAC
gi3tamygenes,109931.8436 EOSDAC,220.9918 PKRDAC
gi3tamzzgige,34603.7124 EOSDAC,69.5625 PKRDAC
gi3taojwgyge,2282.3727 EOSDAC,4.5882 PKRDAC
gi3tcnjwgige,2099.0038 EOSDAC,4.2195 PKRDAC
gi3tgojyhege,546.9341 EOSDAC,1.0995 PKRDAC
gi3tmmzqhege,383.9767 EOSDAC,0.7719 PKRDAC
gi3tmojxgege,100.5000 EOSDAC,0.2020 PKRDAC
gi3tomrwgmge,498.8977 EOSDAC,1.0029 PKRDAC
gi3tsnjqhage,217.9122 EOSDAC,0.4381 PKRDAC
gi4dcmzqgene,26.8703 EOSDAC,0.0540 PKRDAC
gi4dcmzygage,12678.3950 EOSDAC,25.4869 PKRDAC
gi4demjzg4ge,3428.8597 EOSDAC,6.8929 PKRDAC
gi4dgnigenes,21742.2869 EOSDAC,43.7077 PKRDAC
gi4dknjwgqge,708.7070 EOSDAC,1.4247 PKRDAC
gi4dknzzgyge,13765.4804 EOSDAC,27.6722 PKRDAC
gi4dmmbxgige,145.2319 EOSDAC,0.2920 PKRDAC
gi4dmmjqhege,640.2069 EOSDAC,1.2870 PKRDAC
gi4doobugene,6024.0034 EOSDAC,12.1098 PKRDAC
gi4dqmzshage,1000.3996 EOSDAC,2.0111 PKRDAC
gi4dsnzxgige,840.5367 EOSDAC,1.6897 PKRDAC
gi4tambwgege,178.3561 EOSDAC,0.3585 PKRDAC
gi4tanbrgige,10836.7239 EOSDAC,21.7847 PKRDAC
gi4tanjugmge,8626.2840 EOSDAC,17.3411 PKRDAC
gi4tcnjzguge,105.3387 EOSDAC,0.2118 PKRDAC
gi4tenjsguge,5004.6327 EOSDAC,10.0606 PKRDAC
gi4tgnbsgege,12779.3706 EOSDAC,25.6899 PKRDAC
gi4tgobrgige,8790.3517 EOSDAC,17.6709 PKRDAC
gi4tmnagenes,15417.6809 EOSDAC,30.9936 PKRDAC
gi4tqmrqgage,1.4355 EOSDAC,0.0029 PKRDAC
gi4tqobwgqge,101.0025 EOSDAC,0.2030 PKRDAC
gi4tsmztgene,100.2699 EOSDAC,0.2016 PKRDAC
gi4tsobug4ge,169.0540 EOSDAC,0.3398 PKRDAC
giftcardseos,4.9749 EOSDAC,0.0100 PKRDAC
girgingirgin,2.3820 EOSDAC,0.0048 PKRDAC
giveyoumoney,40960.4202 EOSDAC,82.3412 PKRDAC
giydamrzhege,34525.4372 EOSDAC,69.4052 PKRDAC
giydanqgenes,8200.9607 EOSDAC,16.4861 PKRDAC
giydcnbvgmge,506.9686 EOSDAC,1.0191 PKRDAC
giydcojrgage,516.6716 EOSDAC,1.0386 PKRDAC
giydinjwgyge,1883.2671 EOSDAC,3.7859 PKRDAC
giydknzvgene,79.3250 EOSDAC,0.1595 PKRDAC
giydmmrxgyge,1027.5293 EOSDAC,2.0656 PKRDAC
giydoojuhege,25260.7558 EOSDAC,50.7807 PKRDAC
giydqnrxgmge,46201.6182 EOSDAC,92.8774 PKRDAC
giydsnzug4ge,1142.4964 EOSDAC,2.2967 PKRDAC
giytaobuhege,9269.4702 EOSDAC,18.6341 PKRDAC
giytimbug4ge,16995.4335 EOSDAC,34.1653 PKRDAC
giytiojwgmge,101.0000 EOSDAC,0.2030 PKRDAC
giytmnjrguge,37859.3681 EOSDAC,76.1072 PKRDAC
giytqobzgige,9990.0000 EOSDAC,20.0825 PKRDAC
gizdambsgyge,102393.3486 EOSDAC,205.8374 PKRDAC
gizdanrrgmge,7000.3540 EOSDAC,14.0725 PKRDAC
gizdaobtgige,5292.8665 EOSDAC,10.6400 PKRDAC
gizdaobxgqge,1124.8975 EOSDAC,2.2613 PKRDAC
gizdcmjrgage,220577.6162 EOSDAC,443.4188 PKRDAC
gizdcoigenes,101.4969 EOSDAC,0.2040 PKRDAC
gizdimjrgage,2165.0433 EOSDAC,4.3523 PKRDAC
gizdknqgenes,3444.3263 EOSDAC,6.9240 PKRDAC
gizdknrwgene,6515.4903 EOSDAC,13.0978 PKRDAC
gizdmobqgege,144483.9962 EOSDAC,290.4507 PKRDAC
gizdomryhege,264.3710 EOSDAC,0.5315 PKRDAC
gizdonbzgqge,123437.8712 EOSDAC,248.1424 PKRDAC
gizdqnzqgmge,123016.6199 EOSDAC,247.2956 PKRDAC
gizdqnzrgige,200.0000 EOSDAC,0.4021 PKRDAC
gizdsojugige,1374.5518 EOSDAC,2.7632 PKRDAC
giztinbshage,1564.4572 EOSDAC,3.1450 PKRDAC
giztinrshege,1028.0572 EOSDAC,2.0667 PKRDAC
giztknbthege,1155.3752 EOSDAC,2.3226 PKRDAC
giztmnbsgige,2000.4196 EOSDAC,4.0214 PKRDAC
giztmobxg4ge,120364.2413 EOSDAC,241.9636 PKRDAC
giztqmbsg4ge,7415.1312 EOSDAC,14.9064 PKRDAC
gm2danzzgmge,20294.7170 EOSDAC,40.7977 PKRDAC
gm2dcnbzgyge,135.8894 EOSDAC,0.2732 PKRDAC
gm2dembrgqge,1400.5805 EOSDAC,2.8155 PKRDAC
gm2dembvhage,1172.6604 EOSDAC,2.3574 PKRDAC
gm2dembwgmge,393.0238 EOSDAC,0.7901 PKRDAC
gm2dinjsguge,10496.4851 EOSDAC,21.1007 PKRDAC
gm2dinjxgige,1177.2631 EOSDAC,2.3666 PKRDAC
gm2dkmzvgage,1047.7888 EOSDAC,2.1063 PKRDAC
gm2dknryhege,404.3133 EOSDAC,0.8128 PKRDAC
gm2dombxguge,3384.9442 EOSDAC,6.8046 PKRDAC
gm2donzxgege,16.5744 EOSDAC,0.0333 PKRDAC
gm2dsnrxhage,690.5830 EOSDAC,1.3883 PKRDAC
gm2dsojshage,1137.6715 EOSDAC,2.2870 PKRDAC
gm2tcnbzgage,5703.8459 EOSDAC,11.4662 PKRDAC
gm2tgmbzgyge,230.9000 EOSDAC,0.4642 PKRDAC
gm2tinzugene,450.5328 EOSDAC,0.9057 PKRDAC
gm2tknrvgyge,1318.9320 EOSDAC,2.6514 PKRDAC
gm2tknzqgage,41810.4092 EOSDAC,84.0499 PKRDAC
gm2toobtg4ge,10.1783 EOSDAC,0.0205 PKRDAC
gm2tsmzzgege,79.4793 EOSDAC,0.1598 PKRDAC
gm2tsnjugyge,33955.8998 EOSDAC,68.2603 PKRDAC
gm3dcmzzgige,94006.2035 EOSDAC,188.9771 PKRDAC
gm3dgoigenes,2616.1828 EOSDAC,5.2592 PKRDAC
gm3dinrwhege,639.3901 EOSDAC,1.2853 PKRDAC
gm3diobvgyge,25000.6364 EOSDAC,50.2578 PKRDAC
gm3dknbxgyge,31871.6255 EOSDAC,64.0703 PKRDAC
gm3dknzyg4ge,15783.3147 EOSDAC,31.7286 PKRDAC
gm3dombrgage,1107.6510 EOSDAC,2.2267 PKRDAC
gm3domjxhage,5082.4656 EOSDAC,10.2171 PKRDAC
gm3donjtgage,220.1403 EOSDAC,0.4425 PKRDAC
gm3donzvguge,461.6664 EOSDAC,0.9281 PKRDAC
gm3donzwguge,27.2233 EOSDAC,0.0547 PKRDAC
gm3tcmjwgmge,211.0880 EOSDAC,0.4243 PKRDAC
gm3tgnzuhage,346.7194 EOSDAC,0.6970 PKRDAC
gm3tinjxgene,10876.4762 EOSDAC,21.8646 PKRDAC
gm3tknzwgige,704.7622 EOSDAC,1.4168 PKRDAC
gm3tmmjsgene,1429.1626 EOSDAC,2.8730 PKRDAC
gm4damzygqge,1237.3944 EOSDAC,2.4875 PKRDAC
gm4danzxg4ge,3241.4199 EOSDAC,6.5161 PKRDAC
gm4daojrgege,2281.2371 EOSDAC,4.5859 PKRDAC
gm4dmobqgyge,40000.7257 EOSDAC,80.4119 PKRDAC
gm4donrsgmge,81169.9596 EOSDAC,163.1729 PKRDAC
gm4donzzgige,2160.6003 EOSDAC,4.3434 PKRDAC
gm4doojtguge,742.6463 EOSDAC,1.4929 PKRDAC
gm4dqmzqhege,135.3958 EOSDAC,0.2722 PKRDAC
gm4dsnrshage,636.8631 EOSDAC,1.2803 PKRDAC
gm4tcnzugqge,353.9640 EOSDAC,0.7116 PKRDAC
gm4tenygenes,3293.5878 EOSDAC,6.6210 PKRDAC
gm4tgmzxgmge,3000.0000 EOSDAC,6.0308 PKRDAC
gm4tknbuguge,3505.5655 EOSDAC,7.0471 PKRDAC
gm4tknjugage,103.5309 EOSDAC,0.2081 PKRDAC
gm4tkojrgene,761.9480 EOSDAC,1.5317 PKRDAC
gmydemjvgyge,194.8734 EOSDAC,0.3917 PKRDAC
gmydknbwhege,1594.8589 EOSDAC,3.2061 PKRDAC
gmydmmrsgyge,154.8400 EOSDAC,0.3113 PKRDAC
gmydombrgege,4956.3254 EOSDAC,9.9635 PKRDAC
gmytcnjrgage,1152.7105 EOSDAC,2.3172 PKRDAC
gmytemrwg4ge,4507.3052 EOSDAC,9.0609 PKRDAC
gmyteobugene,254.1472 EOSDAC,0.5109 PKRDAC
gmytgnrxg4ge,2338.4076 EOSDAC,4.7008 PKRDAC
gmytimbrg4ge,28176.7121 EOSDAC,56.6426 PKRDAC
gmytimbxg4ge,82746.5806 EOSDAC,166.3423 PKRDAC
gmytimzqgege,693.4081 EOSDAC,1.3939 PKRDAC
gmytknryhege,7196.5710 EOSDAC,14.4670 PKRDAC
gmytmmzzhege,2411.6573 EOSDAC,4.8481 PKRDAC
gmytqobsgege,1399.6874 EOSDAC,2.8137 PKRDAC
gmytsmzwgmge,769.7278 EOSDAC,1.5474 PKRDAC
gmzdamrugyge,107.9889 EOSDAC,0.2171 PKRDAC
gmzdaojzgage,313.0000 EOSDAC,0.6292 PKRDAC
gmzdenbyhage,100.0000 EOSDAC,0.2010 PKRDAC
gmzdenjqgage,280.7059 EOSDAC,0.5643 PKRDAC
gmzdgnrvguge,4367.8464 EOSDAC,8.7805 PKRDAC
gmzdgobwgmge,3271.2864 EOSDAC,6.5761 PKRDAC
gmzdmmjwgige,6292.2112 EOSDAC,12.6490 PKRDAC
gmzdmnbygene,100.1736 EOSDAC,0.2014 PKRDAC
gmzdqmbwgene,62.8492 EOSDAC,0.1263 PKRDAC
gmztanjrhage,22.5000 EOSDAC,0.0452 PKRDAC
gmztcnzshege,2619.1109 EOSDAC,5.2651 PKRDAC
gmztgobvgege,43.6961 EOSDAC,0.0878 PKRDAC
gmztknjrgege,396.4994 EOSDAC,0.7971 PKRDAC
gmztknjrgqge,1790.0396 EOSDAC,3.5984 PKRDAC
gmztkojxg4ge,1944.0617 EOSDAC,3.9081 PKRDAC
gmztsmjygege,10000.0000 EOSDAC,20.1026 PKRDAC
goldcoasteos,1.0000 EOSDAC,0.0020 PKRDAC
goodportugal,160.0419 EOSDAC,0.3217 PKRDAC
googlegoogol,31882.9856 EOSDAC,64.0932 PKRDAC
googleseteos,1440.1893 EOSDAC,2.8952 PKRDAC
gordbuckley1,300.8251 EOSDAC,0.6047 PKRDAC
gosungeos123,1111.9938 EOSDAC,2.2354 PKRDAC
gototheocean,227.6357 EOSDAC,0.4576 PKRDAC
gq2demzxgyge,5000.0000 EOSDAC,10.0513 PKRDAC
gq2denzrgage,1809.2060 EOSDAC,3.6370 PKRDAC
gq2deobugene,122.8254 EOSDAC,0.2469 PKRDAC
gq2dgmbwhage,229.0219 EOSDAC,0.4604 PKRDAC
gq2domzzgage,6911.0991 EOSDAC,13.8931 PKRDAC
gq2donzqgyge,139.7158 EOSDAC,0.2809 PKRDAC
gq2doobugige,19603.5907 EOSDAC,39.4084 PKRDAC
gq2dqobvgage,300.3000 EOSDAC,0.6037 PKRDAC
gq2dqojugmge,1005.2445 EOSDAC,2.0208 PKRDAC
gq2tamzthage,1526.1748 EOSDAC,3.0680 PKRDAC
gq2tcnzsguge,3988.2999 EOSDAC,8.0175 PKRDAC
gq2tinbxhage,183.8996 EOSDAC,0.3697 PKRDAC
gq2tkmbxgqge,21.9952 EOSDAC,0.0442 PKRDAC
gq2tmmzuguge,8071.4173 EOSDAC,16.2257 PKRDAC
gq2tomjwgige,158317.2267 EOSDAC,318.2591 PKRDAC
gq2tsnbxg4ge,3001.0000 EOSDAC,6.0328 PKRDAC
gq2tsnbygmge,13799.5186 EOSDAC,27.7406 PKRDAC
gq3daobrhege,21095.5763 EOSDAC,42.4076 PKRDAC
gq3dcmzqgmge,872.2302 EOSDAC,1.7534 PKRDAC
gq3dinzygige,46607.2171 EOSDAC,93.6927 PKRDAC
gq3dkobsgyge,28460.5895 EOSDAC,57.2132 PKRDAC
gq3dqnjqgmge,19196.3605 EOSDAC,38.5897 PKRDAC
gq3tanryhege,126.8474 EOSDAC,0.2550 PKRDAC
gq3tenrthege,154.2080 EOSDAC,0.3100 PKRDAC
gq3timzsgyge,144.0000 EOSDAC,0.2895 PKRDAC
gq3tknigenes,1463.0000 EOSDAC,2.9410 PKRDAC
gq3tkobuguge,36.5541 EOSDAC,0.0735 PKRDAC
gq3toojxhage,480.4047 EOSDAC,0.9657 PKRDAC
gq3tqnjxg4ge,3704.6285 EOSDAC,7.4473 PKRDAC
gq3tqnjzgage,5000.0000 EOSDAC,10.0513 PKRDAC
gq3tsnjtguge,48684.0806 EOSDAC,97.8678 PKRDAC
gq4dimjrhage,1892.4341 EOSDAC,3.8043 PKRDAC
gq4dinjugqge,20441.9568 EOSDAC,41.0937 PKRDAC
gq4dmmjugmge,2156.6927 EOSDAC,4.3355 PKRDAC
gq4dmnjrhege,2.7716 EOSDAC,0.0056 PKRDAC
gq4dmnjzgige,109.1713 EOSDAC,0.2195 PKRDAC
gq4dmnrtgige,505.1458 EOSDAC,1.0155 PKRDAC
gq4domrvhage,11.7246 EOSDAC,0.0236 PKRDAC
gq4donjzgege,55058.8510 EOSDAC,110.6827 PKRDAC
gq4dqmrygmge,101.6134 EOSDAC,0.2043 PKRDAC
gq4dqobrgige,1759.7000 EOSDAC,3.5375 PKRDAC
gq4tcnjygyge,1413.1333 EOSDAC,2.8408 PKRDAC
gq4tenrtgage,199.9956 EOSDAC,0.4020 PKRDAC
gq4timjqgige,880.5625 EOSDAC,1.7702 PKRDAC
gq4tiojrgmge,239.8642 EOSDAC,0.4822 PKRDAC
gq4tkmbrgige,3004.8095 EOSDAC,6.0405 PKRDAC
gq4tmmbtgqge,2254.0842 EOSDAC,4.5313 PKRDAC
gq4tmnbyg4ge,2793.0722 EOSDAC,5.6148 PKRDAC
gq4tmnzzguge,8491.5570 EOSDAC,17.0703 PKRDAC
gq4tqmrshege,15376.9288 EOSDAC,30.9117 PKRDAC
gq4tsnagenes,851.7457 EOSDAC,1.7122 PKRDAC
gqydeobrgyge,500.0002 EOSDAC,1.0051 PKRDAC
gqydgobqgqge,2223.0232 EOSDAC,4.4689 PKRDAC
gqydqnbuhage,10268.4529 EOSDAC,20.6423 PKRDAC
gqydsmbvgyge,61037.2835 EOSDAC,122.7009 PKRDAC
gqydsnjyguge,1531.2709 EOSDAC,3.0783 PKRDAC
gqytamrrg4ge,5500.0004 EOSDAC,11.0564 PKRDAC
gqytanrvgage,5105.8237 EOSDAC,10.2640 PKRDAC
gqytaobrgene,10014.0980 EOSDAC,20.1310 PKRDAC
gqyteoagenes,1206.8678 EOSDAC,2.4261 PKRDAC
gqyteobsgqge,9077.9379 EOSDAC,18.2490 PKRDAC
gqytimzwgige,85998.1882 EOSDAC,172.8789 PKRDAC
gqytqmbsgige,35130.8499 EOSDAC,70.6222 PKRDAC
gqytqmbxgyge,1010340.0125 EOSDAC,2031.0480 PKRDAC
gqzdknbugege,100.9226 EOSDAC,0.2029 PKRDAC
gqzdonrsgige,24.4616 EOSDAC,0.0492 PKRDAC
gqzdsmzrgmge,827.0515 EOSDAC,1.6626 PKRDAC
gqzdsnzqgige,1146.3000 EOSDAC,2.3044 PKRDAC
gqztcmrugege,127407.2844 EOSDAC,256.1220 PKRDAC
gqztimbwgige,1012.4363 EOSDAC,2.0353 PKRDAC
gqztinrzgege,17711.7088 EOSDAC,35.6052 PKRDAC
gqztkojzgmge,1002.0000 EOSDAC,2.0143 PKRDAC
gqztoojsgmge,7341.4711 EOSDAC,14.7583 PKRDAC
gqztsnzygege,2386.0378 EOSDAC,4.7966 PKRDAC
grahappaaaaa,102080.6204 EOSDAC,205.2088 PKRDAC
greateospay1,18.6131 EOSDAC,0.0374 PKRDAC
greentreesom,1.0000 EOSDAC,0.0020 PKRDAC
gu2damrugige,10451.1641 EOSDAC,21.0096 PKRDAC
gu2damrygige,1020.6393 EOSDAC,2.0518 PKRDAC
gu2damzugmge,914.5239 EOSDAC,1.8384 PKRDAC
gu2dcojygage,3002.5008 EOSDAC,6.0358 PKRDAC
gu2denbzgyge,115.5845 EOSDAC,0.2324 PKRDAC
gu2denjsgqge,277.4960 EOSDAC,0.5578 PKRDAC
gu2denzqgqge,16214.1726 EOSDAC,32.5947 PKRDAC
gu2deojsgmge,552.4567 EOSDAC,1.1106 PKRDAC
gu2dgmbzgige,51.0299 EOSDAC,0.1026 PKRDAC
gu2dimbtguge,227.0000 EOSDAC,0.4563 PKRDAC
gu2dimbthege,7208.4698 EOSDAC,14.4909 PKRDAC
gu2dimjqgsoe,55357.2333 EOSDAC,111.2825 PKRDAC
gu2dimjygmge,175.3896 EOSDAC,0.3526 PKRDAC
gu2dimrqg4ge,2463.3640 EOSDAC,4.9520 PKRDAC
gu2dimrxhage,987.6693 EOSDAC,1.9855 PKRDAC
gu2dimrzgqge,1086.1194 EOSDAC,2.1834 PKRDAC
gu2dinjygmge,368.3745 EOSDAC,0.7405 PKRDAC
gu2diojxg4ge,26611.6573 EOSDAC,53.4964 PKRDAC
gu2dkmjvgige,50266.9095 EOSDAC,101.0497 PKRDAC
gu2dknbqgage,16373.3812 EOSDAC,32.9148 PKRDAC
gu2dknbqguge,319911.4219 EOSDAC,643.1057 PKRDAC
gu2dkobvgqge,1083.7958 EOSDAC,2.1787 PKRDAC
gu2dkojtgyge,9206.7367 EOSDAC,18.5080 PKRDAC
gu2dmmjtgege,1623.0507 EOSDAC,3.2628 PKRDAC
gu2dmmzwgege,56.0966 EOSDAC,0.1128 PKRDAC
gu2dmnbwhege,47.8817 EOSDAC,0.0963 PKRDAC
gu2dmnjqhege,93.3417 EOSDAC,0.1876 PKRDAC
gu2dmnrrgege,1001.3880 EOSDAC,2.0131 PKRDAC
gu2dmnrzgqge,5604595.6904 EOSDAC,11266.7050 PKRDAC
gu2dmnzzguge,1287.9447 EOSDAC,2.5891 PKRDAC
gu2domjsguge,6027.6416 EOSDAC,12.1171 PKRDAC
gu2donbtgyge,404.7277 EOSDAC,0.8136 PKRDAC
gu2doojvgyge,2344.9300 EOSDAC,4.7139 PKRDAC
gu2dqmbygege,1259.9774 EOSDAC,2.5329 PKRDAC
gu2dqmbzguge,1963.2754 EOSDAC,3.9467 PKRDAC
gu2dqmjyhage,2106.2887 EOSDAC,4.2342 PKRDAC
gu2dqmrrgqge,583.7962 EOSDAC,1.1736 PKRDAC
gu2dqnrxgage,734.5766 EOSDAC,1.4767 PKRDAC
gu2dsmjzg4ge,999.0009 EOSDAC,2.0083 PKRDAC
gu2dsnbtg4ge,879.7213 EOSDAC,1.7685 PKRDAC
gu2dsnjwgage,298959.9305 EOSDAC,600.9878 PKRDAC
gu2tanbsgage,24.7340 EOSDAC,0.0497 PKRDAC
gu2tanbvhege,105.0297 EOSDAC,0.2111 PKRDAC
gu2tanrygage,1871.1678 EOSDAC,3.7615 PKRDAC
gu2tcmryhage,2482.0354 EOSDAC,4.9895 PKRDAC
gu2tcmygenes,306.7945 EOSDAC,0.6167 PKRDAC
gu2tcmzygqge,73.8850 EOSDAC,0.1485 PKRDAC
gu2tcnbtgage,549.3484 EOSDAC,1.1043 PKRDAC
gu2tcnjygqge,65447.3702 EOSDAC,131.5664 PKRDAC
gu2tcnrvgege,374.9847 EOSDAC,0.7538 PKRDAC
gu2tembwgqge,450.9585 EOSDAC,0.9065 PKRDAC
gu2temrxgyge,651.5806 EOSDAC,1.3098 PKRDAC
gu2temzugqge,343.0808 EOSDAC,0.6897 PKRDAC
gu2tgmztgmge,1501.0000 EOSDAC,3.0174 PKRDAC
gu2tgmzvgqge,61.4178 EOSDAC,0.1235 PKRDAC
gu2tgnbvgage,2606.9399 EOSDAC,5.2406 PKRDAC
gu2tgnztg4ge,2210.5013 EOSDAC,4.4437 PKRDAC
gu2tgnzugage,1000.0081 EOSDAC,2.0103 PKRDAC
gu2tgobvgyge,116535.3507 EOSDAC,234.2666 PKRDAC
gu2tgobxgmge,471.5886 EOSDAC,0.9480 PKRDAC
gu2timbwhege,2157.4414 EOSDAC,4.3370 PKRDAC
gu2tinbzhege,55.6809 EOSDAC,0.1119 PKRDAC
gu2tinrqguge,30.8739 EOSDAC,0.0621 PKRDAC
gu2tinzthage,400.5000 EOSDAC,0.8051 PKRDAC
gu2tknbwg4ge,1000.0000 EOSDAC,2.0103 PKRDAC
gu2tknrwhege,107.9839 EOSDAC,0.2171 PKRDAC
gu2tkojxgege,11892.4431 EOSDAC,23.9069 PKRDAC
gu2tmmjwgmge,225000.0000 EOSDAC,452.3089 PKRDAC
gu2tmmzxgage,1336.3708 EOSDAC,2.6865 PKRDAC
gu2tomjsgqge,142.6833 EOSDAC,0.2868 PKRDAC
gu2tomzwgege,530.5547 EOSDAC,1.0666 PKRDAC
gu2tonjugqge,501.2390 EOSDAC,1.0076 PKRDAC
gu2tonztgqge,5453.4515 EOSDAC,10.9629 PKRDAC
gu2tonzzhage,787.9012 EOSDAC,1.5839 PKRDAC
gu2tqmzrgage,25360.2686 EOSDAC,50.9808 PKRDAC
gu2tqnrugyge,311.3689 EOSDAC,0.6259 PKRDAC
gu2tqojthege,43485.0334 EOSDAC,87.4163 PKRDAC
gu2tqojzgage,8264.9849 EOSDAC,16.6148 PKRDAC
gu2tsmzugage,5094.9000 EOSDAC,10.2421 PKRDAC
gu2tsnzsgige,2006.0441 EOSDAC,4.0327 PKRDAC
gu3danzvg4ge,10877.3386 EOSDAC,21.8663 PKRDAC
gu3dcmbsg4ge,8.5160 EOSDAC,0.0171 PKRDAC
gu3dcnrugyge,374.0727 EOSDAC,0.7520 PKRDAC
gu3dcnrzgqge,5148.2733 EOSDAC,10.3494 PKRDAC
gu3dembtgage,8705.4022 EOSDAC,17.5001 PKRDAC
gu3demjzgqge,40.0866 EOSDAC,0.0806 PKRDAC
gu3denqgenes,33.6612 EOSDAC,0.0677 PKRDAC
gu3deojzhage,1535.6981 EOSDAC,3.0872 PKRDAC
gu3dgmzyhege,703.2603 EOSDAC,1.4137 PKRDAC
gu3dgnrsgige,745.0000 EOSDAC,1.4976 PKRDAC
gu3dgnzrgyge,15645.4555 EOSDAC,31.4515 PKRDAC
gu3dgnzrhage,601.6900 EOSDAC,1.2096 PKRDAC
gu3dimbygyge,1783.2049 EOSDAC,3.5847 PKRDAC
gu3dimrthage,83568.5503 EOSDAC,167.9947 PKRDAC
gu3dinbxg4ge,2.0000 EOSDAC,0.0040 PKRDAC
gu3dinrqgmge,1470.0825 EOSDAC,2.9553 PKRDAC
gu3dinrzgqge,60.4578 EOSDAC,0.1215 PKRDAC
gu3dkmbsgege,404.0817 EOSDAC,0.8123 PKRDAC
gu3dkmbygige,400.7900 EOSDAC,0.8057 PKRDAC
gu3dkmzvgqge,3.0000 EOSDAC,0.0060 PKRDAC
gu3dknbxhage,2011.0000 EOSDAC,4.0426 PKRDAC
gu3dknrygmge,5444.9359 EOSDAC,10.9457 PKRDAC
gu3dknztguge,179.0000 EOSDAC,0.3598 PKRDAC
gu3dkobzgege,1521.7743 EOSDAC,3.0592 PKRDAC
gu3dmmbuhege,2859.1188 EOSDAC,5.7476 PKRDAC
gu3dmmrugqge,1310.0616 EOSDAC,2.6336 PKRDAC
gu3dmmrygqge,3.1833 EOSDAC,0.0064 PKRDAC
gu3dmnbshage,325.5923 EOSDAC,0.6545 PKRDAC
gu3dmnjzg4ge,1000.9980 EOSDAC,2.0123 PKRDAC
gu3dmnrrgage,14176.7539 EOSDAC,28.4990 PKRDAC
gu3dmnrzhage,39.2960 EOSDAC,0.0790 PKRDAC
gu3domrrguge,139.6517 EOSDAC,0.2807 PKRDAC
gu3domruguge,4183.5644 EOSDAC,8.4101 PKRDAC
gu3donjxgage,1843.1248 EOSDAC,3.7052 PKRDAC
gu3donrsgage,349.0171 EOSDAC,0.7016 PKRDAC
gu3donzrg4ge,457.7575 EOSDAC,0.9202 PKRDAC
gu3donzzgqge,1503.2365 EOSDAC,3.0219 PKRDAC
gu3doobzg4ge,6935.9478 EOSDAC,13.9431 PKRDAC
gu3doojqgmge,1433.5848 EOSDAC,2.8819 PKRDAC
gu3dqmjugmge,633.9741 EOSDAC,1.2745 PKRDAC
gu3dqmzqgige,705.3498 EOSDAC,1.4179 PKRDAC
gu3dqmzxgqge,2585.0612 EOSDAC,5.1966 PKRDAC
gu3dqmzzhage,19122.9007 EOSDAC,38.4420 PKRDAC
gu3dqnjrgyge,755.6370 EOSDAC,1.5190 PKRDAC
gu3dqnjzgege,3.9828 EOSDAC,0.0080 PKRDAC
gu3dqnrrgige,2505.7881 EOSDAC,5.0373 PKRDAC
gu3dqnzsgige,102.2273 EOSDAC,0.2055 PKRDAC
gu3dqojrgage,2403.0690 EOSDAC,4.8308 PKRDAC
gu3dqojtgege,2789.2846 EOSDAC,5.6072 PKRDAC
gu3dsmjqgqge,3198.7895 EOSDAC,6.4304 PKRDAC
gu3dsmjxgige,50.8065 EOSDAC,0.1021 PKRDAC
gu3dsmrqgege,8834.3540 EOSDAC,17.7594 PKRDAC
gu3dsmryhage,20845.0755 EOSDAC,41.9041 PKRDAC
gu3dsmzqgege,152.4400 EOSDAC,0.3064 PKRDAC
gu3dsnbtg4ge,2491.4651 EOSDAC,5.0085 PKRDAC
gu3dsnbwgige,217215.4226 EOSDAC,436.6599 PKRDAC
gu3dsnrzgqge,20000.6222 EOSDAC,40.2065 PKRDAC
gu3dsnzrgqge,10000.0000 EOSDAC,20.1026 PKRDAC
gu3dsnzsgige,249.6935 EOSDAC,0.5019 PKRDAC
gu3tamrugege,541.5150 EOSDAC,1.0886 PKRDAC
gu3tamrxg4ge,10989.0000 EOSDAC,22.0908 PKRDAC
gu3tanjugege,201.3456 EOSDAC,0.4048 PKRDAC
gu3tcmrqhege,2004.8968 EOSDAC,4.0304 PKRDAC
gu3tcmzzgage,1874.4447 EOSDAC,3.7681 PKRDAC
gu3tcnjvgqge,1.0000 EOSDAC,0.0020 PKRDAC
gu3temjrgige,5039.9603 EOSDAC,10.1316 PKRDAC
gu3temzqgage,1047.5000 EOSDAC,2.1057 PKRDAC
gu3temzyg4ge,3223.3764 EOSDAC,6.4798 PKRDAC
gu3tenbugage,9629.3809 EOSDAC,19.3576 PKRDAC
gu3tgmbthege,10768.2521 EOSDAC,21.6470 PKRDAC
gu3tgmryhege,66508.7292 EOSDAC,133.7000 PKRDAC
gu3tgnqgenes,721.0237 EOSDAC,1.4494 PKRDAC
gu3tgnrzgige,2009.6905 EOSDAC,4.0400 PKRDAC
gu3tgnzrgyge,235.2000 EOSDAC,0.4728 PKRDAC
gu3timzxgege,11849.3978 EOSDAC,23.8204 PKRDAC
gu3tinrsgqge,25076.9688 EOSDAC,50.4113 PKRDAC
gu3tkmbzgmge,23782.6616 EOSDAC,47.8094 PKRDAC
gu3tknbwgmge,123573.9420 EOSDAC,248.4160 PKRDAC
gu3tknjsgyge,974.3187 EOSDAC,1.9586 PKRDAC
gu3tknjygage,1086.2738 EOSDAC,2.1837 PKRDAC
gu3tknrsgmge,307.6135 EOSDAC,0.6184 PKRDAC
gu3tknrxgige,91.9699 EOSDAC,0.1849 PKRDAC
gu3tkobqgqge,21629.9827 EOSDAC,43.4819 PKRDAC
gu3tmmjsgege,50.0000 EOSDAC,0.1005 PKRDAC
gu3tmmjugmge,10103.5000 EOSDAC,20.3107 PKRDAC
gu3tmnbvhege,115.8817 EOSDAC,0.2330 PKRDAC
gu3tmnrzg4ge,4551.2468 EOSDAC,9.1492 PKRDAC
gu3tmojrgmge,108.4827 EOSDAC,0.2181 PKRDAC
gu3tonrzguge,101.2259 EOSDAC,0.2035 PKRDAC
gu3toojxg4ge,3.6240 EOSDAC,0.0073 PKRDAC
gu3tqnbsgqge,1173.0557 EOSDAC,2.3581 PKRDAC
gu3tsmrzg4ge,276.5806 EOSDAC,0.5560 PKRDAC
gu3tsnzwgqge,256.2077 EOSDAC,0.5150 PKRDAC
gu4damjshege,46.7535 EOSDAC,0.0940 PKRDAC
gu4damjxgage,3539.8500 EOSDAC,7.1160 PKRDAC
gu4danbtgmge,166908.5327 EOSDAC,335.5299 PKRDAC
gu4danbwhege,88.5307 EOSDAC,0.1780 PKRDAC
gu4danjxhage,2109.3496 EOSDAC,4.2403 PKRDAC
gu4danzshege,933.1750 EOSDAC,1.8759 PKRDAC
gu4dcnbvgqge,1007.7618 EOSDAC,2.0259 PKRDAC
gu4dcnzsg4ge,59.2390 EOSDAC,0.1191 PKRDAC
gu4denbqgqge,16772.9149 EOSDAC,33.7180 PKRDAC
gu4denjygmge,90282.2192 EOSDAC,181.4909 PKRDAC
gu4denzuhage,100593.0470 EOSDAC,202.2184 PKRDAC
gu4denzwguge,310.8363 EOSDAC,0.6249 PKRDAC
gu4deobxhage,1000.0000 EOSDAC,2.0103 PKRDAC
gu4dgmbwgege,923.1426 EOSDAC,1.8558 PKRDAC
gu4dgmbygyge,110.0246 EOSDAC,0.2212 PKRDAC
gu4dgmzqgige,11956.2520 EOSDAC,24.0352 PKRDAC
gu4dgnrwhege,6700.0819 EOSDAC,13.4689 PKRDAC
gu4dgnzvhege,6765.6144 EOSDAC,13.6007 PKRDAC
gu4dgobzgqge,3077.6889 EOSDAC,6.1870 PKRDAC
gu4dimjshege,518.2262 EOSDAC,1.0418 PKRDAC
gu4dimjugqge,4635.0166 EOSDAC,9.3176 PKRDAC
gu4dinbrgyge,59893.6931 EOSDAC,120.4020 PKRDAC
gu4diojvgmge,14663.8613 EOSDAC,29.4782 PKRDAC
gu4dkmjugege,10795.7759 EOSDAC,21.7023 PKRDAC
gu4dkmrvgige,889.8119 EOSDAC,1.7888 PKRDAC
gu4dkojygage,5549.6822 EOSDAC,11.1563 PKRDAC
gu4dmmrqguge,7096.8536 EOSDAC,14.2665 PKRDAC
gu4dmmzug4ge,59996.5888 EOSDAC,120.6089 PKRDAC
gu4dmnzugqge,100.8602 EOSDAC,0.2028 PKRDAC
gu4dmobthage,10858.8040 EOSDAC,21.8290 PKRDAC
gu4dmojvhege,1103.0500 EOSDAC,2.2174 PKRDAC
gu4domjzhage,2014.1122 EOSDAC,4.0489 PKRDAC
gu4donjqgige,23361.2230 EOSDAC,46.9622 PKRDAC
gu4donjwg4ge,170.0000 EOSDAC,0.3417 PKRDAC
gu4donrqgmge,966.6538 EOSDAC,1.9432 PKRDAC
gu4donrrgqge,2863.0431 EOSDAC,5.7555 PKRDAC
gu4donzsgige,422.8003 EOSDAC,0.8499 PKRDAC
gu4dsmztg4ge,1013.4621 EOSDAC,2.0373 PKRDAC
gu4dsojuhege,47290.9386 EOSDAC,95.0672 PKRDAC
gu4tambygige,8473.5857 EOSDAC,17.0341 PKRDAC
gu4tambzgqge,1.0000 EOSDAC,0.0020 PKRDAC
gu4tamzxguge,84768.6742 EOSDAC,170.4072 PKRDAC
gu4taojvgqge,668.5000 EOSDAC,1.3439 PKRDAC
gu4tcnzthage,15990.0000 EOSDAC,32.1441 PKRDAC
gu4tembvhage,1000.0000 EOSDAC,2.0103 PKRDAC
gu4temrrgqge,213.7142 EOSDAC,0.4296 PKRDAC
gu4temztgmge,7.4813 EOSDAC,0.0150 PKRDAC
gu4tgmjuguge,1461.0919 EOSDAC,2.9372 PKRDAC
gu4tgojshage,1009.5580 EOSDAC,2.0295 PKRDAC
gu4tinjqgage,96.8000 EOSDAC,0.1946 PKRDAC
gu4tinrxhege,2810.2063 EOSDAC,5.6493 PKRDAC
gu4tiobshage,3367.0140 EOSDAC,6.7686 PKRDAC
gu4tiojqg4ge,4544.6632 EOSDAC,9.1360 PKRDAC
gu4tkmrygqge,4377.4827 EOSDAC,8.7999 PKRDAC
gu4tkobqgmge,101.0000 EOSDAC,0.2030 PKRDAC
gu4tkobtg4ge,2629.2338 EOSDAC,5.2854 PKRDAC
gu4tmmbygmge,600.1074 EOSDAC,1.2064 PKRDAC
gu4tmmjugege,882841.2707 EOSDAC,1774.7421 PKRDAC
gu4tmmzxgene,14337.7453 EOSDAC,28.8226 PKRDAC
gu4tmnzthege,5964.7905 EOSDAC,11.9908 PKRDAC
gu4tmojugege,4734.2558 EOSDAC,9.5171 PKRDAC
gu4tomzxgqge,422.5039 EOSDAC,0.8493 PKRDAC
gu4tonjsgqge,1504.0376 EOSDAC,3.0235 PKRDAC
gu4tonjxgege,8.4263 EOSDAC,0.0169 PKRDAC
gu4toobvhage,10738.1114 EOSDAC,21.5864 PKRDAC
gu4tqmrthage,8369.4324 EOSDAC,16.8248 PKRDAC
gu4tqnrugyge,123.5765 EOSDAC,0.2484 PKRDAC
guydanrshege,8708.4651 EOSDAC,17.5063 PKRDAC
guydemrtg4ge,302.6018 EOSDAC,0.6083 PKRDAC
guydeojygege,10846.7413 EOSDAC,21.8048 PKRDAC
guydgnbtguge,224.9700 EOSDAC,0.4522 PKRDAC
guydinbzguge,277.3210 EOSDAC,0.5575 PKRDAC
guydinjvgmge,1000.2154 EOSDAC,2.0107 PKRDAC
guydkmzqgyge,128123.4630 EOSDAC,257.5617 PKRDAC
guydkmzrguge,474.4910 EOSDAC,0.9539 PKRDAC
guydkmzwguge,2503.1088 EOSDAC,5.0319 PKRDAC
guydkobvgige,1269.2851 EOSDAC,2.5516 PKRDAC
guydkojsgege,8758.0930 EOSDAC,17.6061 PKRDAC
guydmnbwgage,4199.1830 EOSDAC,8.4415 PKRDAC
guydmojygene,2002.1317 EOSDAC,4.0248 PKRDAC
guytanrwgage,428.8264 EOSDAC,0.8621 PKRDAC
guytcmjqgene,178.5403 EOSDAC,0.3589 PKRDAC
guytcmjwguge,11543.4950 EOSDAC,23.2054 PKRDAC
guytenbwgege,1799.1465 EOSDAC,3.6168 PKRDAC
guyteojxgyge,717.2160 EOSDAC,1.4418 PKRDAC
guytgmrrgqge,2188.0000 EOSDAC,4.3985 PKRDAC
guytgnjqhege,7077.1293 EOSDAC,14.2269 PKRDAC
guytgobygyge,1058.6838 EOSDAC,2.1282 PKRDAC
guytkmbygmge,5087.4403 EOSDAC,10.2271 PKRDAC
guytknjtgqge,412.2609 EOSDAC,0.8288 PKRDAC
guytknrvgage,12379.6948 EOSDAC,24.8864 PKRDAC
guytkobwg4ge,69.8465 EOSDAC,0.1404 PKRDAC
guytkobwhage,1490.4077 EOSDAC,2.9961 PKRDAC
guytkojsguge,199.9243 EOSDAC,0.4019 PKRDAC
guytmmjug4ge,2709.1755 EOSDAC,5.4462 PKRDAC
guytomruguge,1030.3665 EOSDAC,2.0713 PKRDAC
guytonjug4ge,34.4447 EOSDAC,0.0692 PKRDAC
guytonrqgmge,6846.9324 EOSDAC,13.7641 PKRDAC
guytoobzgyge,1004.0021 EOSDAC,2.0183 PKRDAC
guytoojqgqge,100.6092 EOSDAC,0.2023 PKRDAC
guytqnbugmge,1357.9868 EOSDAC,2.7299 PKRDAC
guytqobxhege,4233.9839 EOSDAC,8.5114 PKRDAC
guytsmzwguge,63316.9849 EOSDAC,127.2837 PKRDAC
guytsnbwgege,1118.0000 EOSDAC,2.2475 PKRDAC
guytsnzvgyge,3499.6601 EOSDAC,7.0352 PKRDAC
guytsojthege,703.4108 EOSDAC,1.4140 PKRDAC
guzdaobtgyge,449.7199 EOSDAC,0.9041 PKRDAC
guzdaobzgqge,64.9340 EOSDAC,0.1305 PKRDAC
guzdcmbsg4ge,655.5505 EOSDAC,1.3178 PKRDAC
guzdemrzgqge,656.9113 EOSDAC,1.3206 PKRDAC
guzdeobugqge,41946.0545 EOSDAC,84.3226 PKRDAC
guzdgmbsgage,6000.0000 EOSDAC,12.0616 PKRDAC
guzdgnbtgege,1521.6955 EOSDAC,3.0590 PKRDAC
guzdgnzwhage,5011.0176 EOSDAC,10.0735 PKRDAC
guzdkmbyguge,789.0374 EOSDAC,1.5862 PKRDAC
guzdknjtgage,100.7697 EOSDAC,0.2026 PKRDAC
guzdmnbthege,1329.5312 EOSDAC,2.6727 PKRDAC
guzdomjuguge,1878.9782 EOSDAC,3.7772 PKRDAC
guzdomrrgyge,502.2436 EOSDAC,1.0096 PKRDAC
guzdonqgenes,1424.1370 EOSDAC,2.8629 PKRDAC
guzdonzvgage,6988.0000 EOSDAC,14.0477 PKRDAC
guzdoobwguge,102.8136 EOSDAC,0.2067 PKRDAC
guzdqmrrgage,1572.1411 EOSDAC,3.1604 PKRDAC
guzdsmbygqge,9590.0000 EOSDAC,19.2784 PKRDAC
guzdsobwg4ge,136.1398 EOSDAC,0.2737 PKRDAC
guzdsobyhege,17830.4779 EOSDAC,35.8439 PKRDAC
guzdsojzgige,8675.1806 EOSDAC,17.4394 PKRDAC
guztambthege,4030.3834 EOSDAC,8.1021 PKRDAC
guztamztgage,263.4281 EOSDAC,0.5296 PKRDAC
guztanrygige,261.4906 EOSDAC,0.5257 PKRDAC
guztcnbshege,261.2184 EOSDAC,0.5251 PKRDAC
guztcnjtg4ge,3961.3086 EOSDAC,7.9633 PKRDAC
guztcnjzgege,11403.0603 EOSDAC,22.9231 PKRDAC
guztcnrygige,4096.1710 EOSDAC,8.2344 PKRDAC
guztcnzvgige,28.8625 EOSDAC,0.0580 PKRDAC
guztcojvgyge,288.6250 EOSDAC,0.5802 PKRDAC
guztembugage,17815.0488 EOSDAC,35.8129 PKRDAC
guztemrsgige,1015.8038 EOSDAC,2.0420 PKRDAC
guztenbqgyge,28774.6235 EOSDAC,57.8445 PKRDAC
guztenbtgmge,718.0519 EOSDAC,1.4435 PKRDAC
guztenzzguge,2615.8841 EOSDAC,5.2586 PKRDAC
guzteobugmge,102.0193 EOSDAC,0.2051 PKRDAC
guztgmjxhege,1653.3363 EOSDAC,3.3236 PKRDAC
guztgmrxhege,3012.5738 EOSDAC,6.0561 PKRDAC
guztgmzrgqge,105.0050 EOSDAC,0.2111 PKRDAC
guztgnjsgage,136.5165 EOSDAC,0.2744 PKRDAC
guztgnjyguge,387.3764 EOSDAC,0.7787 PKRDAC
guztgobshage,1526.5630 EOSDAC,3.0688 PKRDAC
guztgojrgqge,4.0000 EOSDAC,0.0080 PKRDAC
guztimrrgage,6043.0488 EOSDAC,12.1481 PKRDAC
guztinjugqge,179701.7558 EOSDAC,361.2476 PKRDAC
guztiobrguge,19077.9317 EOSDAC,38.3516 PKRDAC
guztkmjrgmge,375.0871 EOSDAC,0.7540 PKRDAC
guztkmjsgage,2852.1199 EOSDAC,5.7335 PKRDAC
guztknbzgqge,103878.0000 EOSDAC,208.8220 PKRDAC
guztmmbwg4ge,447.4154 EOSDAC,0.8994 PKRDAC
guztmmrqgmge,2877.6117 EOSDAC,5.7848 PKRDAC
guztmmzvgyge,2000.3447 EOSDAC,4.0212 PKRDAC
guztmnzvhege,17.6482 EOSDAC,0.0355 PKRDAC
guztmobwguge,1831.0773 EOSDAC,3.6809 PKRDAC
guztmojwgage,3521.4566 EOSDAC,7.0790 PKRDAC
guztombzgege,460.3065 EOSDAC,0.9253 PKRDAC
guztonbrgege,435.3428 EOSDAC,0.8752 PKRDAC
guztonrsguge,5333.9935 EOSDAC,10.7227 PKRDAC
guztoobrhage,10116.5033 EOSDAC,20.3368 PKRDAC
guztoobtgmge,4438.7985 EOSDAC,8.9231 PKRDAC
guztoojrgige,209.7405 EOSDAC,0.4216 PKRDAC
guztqmbrgege,2802.6813 EOSDAC,5.6341 PKRDAC
guztqmbtgige,3788.2516 EOSDAC,7.6154 PKRDAC
guztqmjygyge,2658.9995 EOSDAC,5.3453 PKRDAC
guztqojugyge,20191.6547 EOSDAC,40.5905 PKRDAC
guztsnrsgqge,351.1527 EOSDAC,0.7059 PKRDAC
gwanggyoeos1,19872.1722 EOSDAC,39.9483 PKRDAC
gy2damrzgige,1898.4334 EOSDAC,3.8163 PKRDAC
gy2danjzhege,184760.9790 EOSDAC,371.4180 PKRDAC
gy2dcmrqgage,110.5363 EOSDAC,0.2222 PKRDAC
gy2dcnztgege,7909.1717 EOSDAC,15.8995 PKRDAC
gy2demjyguge,2203.4748 EOSDAC,4.4296 PKRDAC
gy2denjrgige,1250.0140 EOSDAC,2.5129 PKRDAC
gy2deojtgege,101.0000 EOSDAC,0.2030 PKRDAC
gy2dgmbuguge,1504.9121 EOSDAC,3.0253 PKRDAC
gy2dgmjtgige,2342.0662 EOSDAC,4.7082 PKRDAC
gy2dgmrrgmge,116.9232 EOSDAC,0.2350 PKRDAC
gy2dgnbxgege,10340.6347 EOSDAC,20.7874 PKRDAC
gy2dgnryg4ge,9549.0052 EOSDAC,19.1960 PKRDAC
gy2dgobzgege,2108.0374 EOSDAC,4.2377 PKRDAC
gy2dgojxg4ge,80011.1822 EOSDAC,160.8434 PKRDAC
gy2dimbtgige,1960.3271 EOSDAC,3.9408 PKRDAC
gy2dimbugqge,46215.3566 EOSDAC,92.9050 PKRDAC
gy2dimztg4ge,564.2874 EOSDAC,1.1344 PKRDAC
gy2dinjsgqge,163734.8424 EOSDAC,329.1499 PKRDAC
gy2dkmbugqge,8157.5070 EOSDAC,16.3987 PKRDAC
gy2dkmztgege,93.5223 EOSDAC,0.1880 PKRDAC
gy2dknbsgmge,144408.0002 EOSDAC,290.2979 PKRDAC
gy2dknjugmge,84.3491 EOSDAC,0.1696 PKRDAC
gy2dknrvgmge,2599.5000 EOSDAC,5.2257 PKRDAC
gy2dkobrgene,10187.7760 EOSDAC,20.4801 PKRDAC
gy2dmmztgege,4900.0000 EOSDAC,9.8503 PKRDAC
gy2dmnzqgyge,1028.2305 EOSDAC,2.0670 PKRDAC
gy2dmojwgqge,330134.9603 EOSDAC,663.6577 PKRDAC
gy2domrugage,14890.3540 EOSDAC,29.9335 PKRDAC
gy2domrxgyge,135.4840 EOSDAC,0.2724 PKRDAC
gy2domzxgqge,939.7280 EOSDAC,1.8891 PKRDAC
gy2donbxhage,3235.3348 EOSDAC,6.5039 PKRDAC
gy2donjwhege,1177.3210 EOSDAC,2.3667 PKRDAC
gy2donjxhege,173.1957 EOSDAC,0.3482 PKRDAC
gy2donrwgyge,1318.5000 EOSDAC,2.6505 PKRDAC
gy2doobwgege,945.8000 EOSDAC,1.9013 PKRDAC
gy2doojxgqge,6452.9998 EOSDAC,12.9722 PKRDAC
gy2dqmzwhege,125751.9274 EOSDAC,252.7943 PKRDAC
gy2dqnrwguge,1273.4839 EOSDAC,2.5600 PKRDAC
gy2dqnzqgege,106.3752 EOSDAC,0.2138 PKRDAC
gy2taobxguge,7567.0315 EOSDAC,15.2117 PKRDAC
gy2tcnbwhege,59.4900 EOSDAC,0.1196 PKRDAC
gy2tcobqgyge,1508.9000 EOSDAC,3.0333 PKRDAC
gy2teobrgmge,609.7825 EOSDAC,1.2258 PKRDAC
gy2tgmryg4ge,57.5000 EOSDAC,0.1156 PKRDAC
gy2tinzug4ge,1002.9960 EOSDAC,2.0163 PKRDAC
gy2tknjrgege,2020.1159 EOSDAC,4.0610 PKRDAC
gy2tkobqgyge,2814.3733 EOSDAC,5.6576 PKRDAC
gy2tmmrtgqge,124.9480 EOSDAC,0.2512 PKRDAC
gy2tmobvgege,18626.0194 EOSDAC,37.4432 PKRDAC
gy2tonzvhage,17928.0066 EOSDAC,36.0400 PKRDAC
gy2tqnrsgene,750.6751 EOSDAC,1.5091 PKRDAC
gy2tsmzqgege,22.7764 EOSDAC,0.0458 PKRDAC
gy2tsnrzgige,8.9700 EOSDAC,0.0180 PKRDAC
gy2tsobqgage,126.6166 EOSDAC,0.2545 PKRDAC
gy3dcmbrhege,42706.6939 EOSDAC,85.8516 PKRDAC
gy3dcmbvgage,1745.1707 EOSDAC,3.5083 PKRDAC
gy3denbvg4ge,21.0596 EOSDAC,0.0423 PKRDAC
gy3denrug4ge,429.6000 EOSDAC,0.8636 PKRDAC
gy3dgmrzhage,4.5129 EOSDAC,0.0091 PKRDAC
gy3dgnjug4ge,110.5802 EOSDAC,0.2223 PKRDAC
gy3dgnrwhage,221.9474 EOSDAC,0.4462 PKRDAC
gy3dgobtgage,130.0000 EOSDAC,0.2613 PKRDAC
gy3dgojuguge,10.2000 EOSDAC,0.0205 PKRDAC
gy3dgojugyge,304.9150 EOSDAC,0.6130 PKRDAC
gy3dimbqhege,34.6000 EOSDAC,0.0696 PKRDAC
gy3dimrzg4ge,1000.0000 EOSDAC,2.0103 PKRDAC
gy3dkmbrgene,750.0000 EOSDAC,1.5077 PKRDAC
gy3dkmjwgege,1000.1340 EOSDAC,2.0105 PKRDAC
gy3dkmrqgage,2304.3912 EOSDAC,4.6324 PKRDAC
gy3dkmrqgige,119.9366 EOSDAC,0.2411 PKRDAC
gy3dkmzvhege,529.4700 EOSDAC,1.0644 PKRDAC
gy3dkojsgene,750.0000 EOSDAC,1.5077 PKRDAC
gy3dkojwgege,41.6304 EOSDAC,0.0837 PKRDAC
gy3dmnbrgmge,701.1700 EOSDAC,1.4095 PKRDAC
gy3dmnjuhage,13912.6240 EOSDAC,27.9680 PKRDAC
gy3domrqguge,108.0000 EOSDAC,0.2171 PKRDAC
gy3donzug4ge,2446.9498 EOSDAC,4.9190 PKRDAC
gy3dqmbzg4ge,36623.2576 EOSDAC,73.6223 PKRDAC
gy3dqnzug4ge,11453.6685 EOSDAC,23.0249 PKRDAC
gy3tamjthege,682.8303 EOSDAC,1.3727 PKRDAC
gy3tamrsgene,5042.2700 EOSDAC,10.1363 PKRDAC
gy3tanrzgige,1197.9700 EOSDAC,2.4082 PKRDAC
gy3tcmjygmge,10003.4298 EOSDAC,20.1095 PKRDAC
gy3tcnbqhege,8735.1048 EOSDAC,17.5598 PKRDAC
gy3tcnbtgage,12534.4556 EOSDAC,25.1975 PKRDAC
gy3tcobtgene,11.0897 EOSDAC,0.0223 PKRDAC
gy3tcojwg4ge,76.2264 EOSDAC,0.1532 PKRDAC
gy3tembtgmge,105.4884 EOSDAC,0.2121 PKRDAC
gy3tembugege,103.0500 EOSDAC,0.2072 PKRDAC
gy3temjqgege,28.6342 EOSDAC,0.0576 PKRDAC
gy3tenbsgige,101.3198 EOSDAC,0.2037 PKRDAC
gy3tenrygmge,217.6715 EOSDAC,0.4376 PKRDAC
gy3tgnbrhage,105.8037 EOSDAC,0.2127 PKRDAC
gy3tgnbygene,4016.1667 EOSDAC,8.0735 PKRDAC
gy3tgnrugige,188.5300 EOSDAC,0.3790 PKRDAC
gy3tknrugige,151.6600 EOSDAC,0.3049 PKRDAC
gy3tknrugqge,100.5668 EOSDAC,0.2022 PKRDAC
gy3tmmzrhage,1469.6900 EOSDAC,2.9545 PKRDAC
gy3tmnrrgyge,30000.0000 EOSDAC,60.3079 PKRDAC
gy3tonzsgige,765.3480 EOSDAC,1.5385 PKRDAC
gy3toobrguge,249.8500 EOSDAC,0.5023 PKRDAC
gy3toojtgage,86.9322 EOSDAC,0.1748 PKRDAC
gy3tqmzxhage,98.9605 EOSDAC,0.1989 PKRDAC
gy3tqnrqgage,16.1277 EOSDAC,0.0324 PKRDAC
gy3tqnzwgige,603.5000 EOSDAC,1.2132 PKRDAC
gy3tsmrygene,7102.9620 EOSDAC,14.2788 PKRDAC
gy3tsnbqgege,315.1830 EOSDAC,0.6336 PKRDAC
gy3tsnbzguge,3291.5826 EOSDAC,6.6169 PKRDAC
gy3tsnrwgmge,108.1310 EOSDAC,0.2174 PKRDAC
gy3tsnrygage,726.0937 EOSDAC,1.4596 PKRDAC
gy3tsnzuhage,5453.2972 EOSDAC,10.9626 PKRDAC
gy3tsobsg4ge,377.4474 EOSDAC,0.7588 PKRDAC
gy4danjqgqge,514.9903 EOSDAC,1.0353 PKRDAC
gy4danjygqge,30.0695 EOSDAC,0.0604 PKRDAC
gy4danrqgage,15705.6738 EOSDAC,31.5725 PKRDAC
gy4danzsgige,474.2878 EOSDAC,0.9534 PKRDAC
gy4dcmrygyge,17759.1031 EOSDAC,35.7004 PKRDAC
gy4dcmzxgige,124.3626 EOSDAC,0.2500 PKRDAC
gy4dgmjvgege,30000.0000 EOSDAC,60.3079 PKRDAC
gy4dmmzrguge,5250.0000 EOSDAC,10.5539 PKRDAC
gy4donryg4ge,1.0000 EOSDAC,0.0020 PKRDAC
gy4donzvgene,4108.0544 EOSDAC,8.2583 PKRDAC
gy4dqmbshege,3044.1281 EOSDAC,6.1195 PKRDAC
gy4dqmjvg4ge,15370.1422 EOSDAC,30.8980 PKRDAC
gy4dqmrrgene,1027.3367 EOSDAC,2.0652 PKRDAC
gy4tanrvgage,779184.2628 EOSDAC,1566.3644 PKRDAC
gy4tanrzgyge,546.2025 EOSDAC,1.0980 PKRDAC
gy4tcmzygene,3011.5368 EOSDAC,6.0540 PKRDAC
gy4temjvgmge,5791.9140 EOSDAC,11.6433 PKRDAC
gy4tomrxgmge,40791.9343 EOSDAC,82.0025 PKRDAC
gy4tsnjzgene,5024.8230 EOSDAC,10.1012 PKRDAC
gyydemrsgage,143253.4175 EOSDAC,287.9769 PKRDAC
gyydenzqgmge,698.2377 EOSDAC,1.4036 PKRDAC
gyydgmzugmge,107.1544 EOSDAC,0.2154 PKRDAC
gyydkmrqgyge,1246.2000 EOSDAC,2.5052 PKRDAC
gyydmnjsg4ge,488.3107 EOSDAC,0.9816 PKRDAC
gyydqmzwguge,16002.0000 EOSDAC,32.1682 PKRDAC
gyydqmzyguge,1986.0152 EOSDAC,3.9924 PKRDAC
gyydqmzyhage,20330.3401 EOSDAC,40.8693 PKRDAC
gyydqnjwguge,168.0000 EOSDAC,0.3377 PKRDAC
gyydqnrzgage,1931.8921 EOSDAC,3.8836 PKRDAC
gyydsmbtgmge,695.5831 EOSDAC,1.3983 PKRDAC
gyydsojwgige,30839.3616 EOSDAC,61.9952 PKRDAC
gyytaobzhage,313.4494 EOSDAC,0.6301 PKRDAC
gyytcnjugige,100000.0000 EOSDAC,201.0262 PKRDAC
gyytgmrqgyge,3.7989 EOSDAC,0.0076 PKRDAC
gyytimjwgege,3.6000 EOSDAC,0.0072 PKRDAC
gyytimzthage,721.2042 EOSDAC,1.4498 PKRDAC
gyytimzuhage,699.5631 EOSDAC,1.4063 PKRDAC
gyytinbtgege,292.6020 EOSDAC,0.5882 PKRDAC
gyytinruhege,11136.4438 EOSDAC,22.3872 PKRDAC
gyytkmbtgage,860.9774 EOSDAC,1.7308 PKRDAC
gyytkmjqgmge,2125.9921 EOSDAC,4.2738 PKRDAC
gyytknbtgege,1018.1560 EOSDAC,2.0468 PKRDAC
gyytknbzhage,123.4750 EOSDAC,0.2482 PKRDAC
gyytknzrgage,20597.5668 EOSDAC,41.4065 PKRDAC
gyytknztgege,370.3021 EOSDAC,0.7444 PKRDAC
gyytkojsgige,149.5000 EOSDAC,0.3005 PKRDAC
gyytmmbygmge,44.5550 EOSDAC,0.0896 PKRDAC
gyytmmrwgage,203.8385 EOSDAC,0.4098 PKRDAC
gyytmmzwguge,1849.4297 EOSDAC,3.7178 PKRDAC
gyytmnjqgege,785.1974 EOSDAC,1.5785 PKRDAC
gyytmnjsgmge,1922.6386 EOSDAC,3.8650 PKRDAC
gyytonrvgige,2604.3047 EOSDAC,5.2353 PKRDAC
gyytqojshage,691.7571 EOSDAC,1.3906 PKRDAC
gyytsobygige,111.7776 EOSDAC,0.2247 PKRDAC
gyytsojvhage,201.2914 EOSDAC,0.4046 PKRDAC
gyzdambsgige,27.7118 EOSDAC,0.0557 PKRDAC
gyzdamrqgige,221.1690 EOSDAC,0.4446 PKRDAC
gyzdcmrrgqge,872.5000 EOSDAC,1.7540 PKRDAC
gyzdcnbzhege,1313.0559 EOSDAC,2.6396 PKRDAC
gyzdcnjxg4ge,3041.6057 EOSDAC,6.1144 PKRDAC
gyzdcojrgmge,32257.7367 EOSDAC,64.8465 PKRDAC
gyzdenbvgage,16709.5000 EOSDAC,33.5905 PKRDAC
gyzdenbzg4ge,686.6882 EOSDAC,1.3804 PKRDAC
gyzdenzwgmge,2952.5814 EOSDAC,5.9355 PKRDAC
gyzdeobshege,10787.0961 EOSDAC,21.6849 PKRDAC
gyzdgmbzg4ge,146.5687 EOSDAC,0.2946 PKRDAC
gyzdgnjqgqge,3008.0288 EOSDAC,6.0469 PKRDAC
gyzdgnjugege,75.1422 EOSDAC,0.1511 PKRDAC
gyzdgobqgmge,969.7539 EOSDAC,1.9495 PKRDAC
gyzdimrsgqge,101.2104 EOSDAC,0.2035 PKRDAC
gyzdimzqguge,9569.3988 EOSDAC,19.2370 PKRDAC
gyzdkmzvhage,51803.6942 EOSDAC,104.1390 PKRDAC
gyzdknzrgmge,227578.8655 EOSDAC,457.4931 PKRDAC
gyzdknzwgyge,1112.6276 EOSDAC,2.2367 PKRDAC
gyzdkojvguge,9216.5878 EOSDAC,18.5278 PKRDAC
gyzdmmbtgyge,964627.9660 EOSDAC,1939.1548 PKRDAC
gyzdmmrqhage,100.0000 EOSDAC,0.2010 PKRDAC
gyzdmnjrhege,3.4517 EOSDAC,0.0069 PKRDAC
gyzdmnjsg4ge,126.8929 EOSDAC,0.2551 PKRDAC
gyzdmnrwgege,1199.5695 EOSDAC,2.4114 PKRDAC
gyzdmnrwhege,1.0000 EOSDAC,0.0020 PKRDAC
gyzdmobtgige,2652.5387 EOSDAC,5.3323 PKRDAC
gyzdmobyhage,2999.2391 EOSDAC,6.0293 PKRDAC
gyzdmojrgege,853.4896 EOSDAC,1.7157 PKRDAC
gyzdmojsg4ge,1182.9747 EOSDAC,2.3781 PKRDAC
gyzdonbwhege,2433.5292 EOSDAC,4.8920 PKRDAC
gyzdonjvgqge,2880.9453 EOSDAC,5.7915 PKRDAC
gyzdonjzgige,3181.6729 EOSDAC,6.3960 PKRDAC
gyzdonzqhage,19096.2700 EOSDAC,38.3885 PKRDAC
gyzdqmrqgige,16750.4861 EOSDAC,33.6729 PKRDAC
gyzdqmrugage,560423.2610 EOSDAC,1126.5975 PKRDAC
gyzdqnbqhege,30163.5544 EOSDAC,60.6366 PKRDAC
gyzdqnrrgyge,2000.0000 EOSDAC,4.0205 PKRDAC
gyzdqobuguge,4979.9797 EOSDAC,10.0111 PKRDAC
gyzdsmbsguge,1015.6219 EOSDAC,2.0417 PKRDAC
gyzdsnjxhage,1264.3839 EOSDAC,2.5417 PKRDAC
gyzdsnrqgyge,74.2765 EOSDAC,0.1493 PKRDAC
gyztambzhage,653.9897 EOSDAC,1.3147 PKRDAC
gyztamrtgqge,1006.1503 EOSDAC,2.0226 PKRDAC
gyztamrzhege,5197.3016 EOSDAC,10.4479 PKRDAC
gyztanzqhege,11856.6233 EOSDAC,23.8349 PKRDAC
gyztcmbrhage,129.2615 EOSDAC,0.2598 PKRDAC
gyztcnbvg4ge,3838.7620 EOSDAC,7.7169 PKRDAC
gyztcobugage,28529.6248 EOSDAC,57.3520 PKRDAC
gyztcojxguge,105.9417 EOSDAC,0.2130 PKRDAC
gyztenjxhege,1288.9674 EOSDAC,2.5912 PKRDAC
gyztgmbqhege,70244.5697 EOSDAC,141.2100 PKRDAC
gyztgmbrgige,201.0000 EOSDAC,0.4041 PKRDAC
gyztgmzyguge,30142.2773 EOSDAC,60.5939 PKRDAC
gyztgnjwgqge,2433.6515 EOSDAC,4.8923 PKRDAC
gyztgnrxgige,9505.5097 EOSDAC,19.1086 PKRDAC
gyztgnzuguge,432.5059 EOSDAC,0.8695 PKRDAC
gyztgobygige,524.9933 EOSDAC,1.0554 PKRDAC
gyztgojzgqge,8847.7878 EOSDAC,17.7864 PKRDAC
gyztimbxguge,10005.5886 EOSDAC,20.1139 PKRDAC
gyztimrygege,2659.5712 EOSDAC,5.3464 PKRDAC
gyztimztg4ge,242250.4268 EOSDAC,486.9868 PKRDAC
gyztimzxg4ge,29867.8114 EOSDAC,60.0421 PKRDAC
gyztinbwgmge,39.5000 EOSDAC,0.0794 PKRDAC
gyztinjsguge,358.0000 EOSDAC,0.7197 PKRDAC
gyztinjygage,1.0000 EOSDAC,0.0020 PKRDAC
gyztiobwguge,3503.5731 EOSDAC,7.0431 PKRDAC
gyztiojrgage,123.4854 EOSDAC,0.2482 PKRDAC
gyztkmrtgyge,2200.0000 EOSDAC,4.4226 PKRDAC
gyztkmrugege,2008.2896 EOSDAC,4.0372 PKRDAC
gyztmmrsgage,123.9330 EOSDAC,0.2491 PKRDAC
gyztmmztgege,254757.9039 EOSDAC,512.1301 PKRDAC
gyztmnbugyge,140943.4959 EOSDAC,283.3333 PKRDAC
gyztmnrvgege,491.4467 EOSDAC,0.9879 PKRDAC
gyztoobvgmge,1012416.8753 EOSDAC,2035.2230 PKRDAC
gyztqmryguge,133.1443 EOSDAC,0.2677 PKRDAC
gyztqnjwg4ge,250.0000 EOSDAC,0.5026 PKRDAC
gyztqnrrgene,47859.7337 EOSDAC,96.2106 PKRDAC
gyztqnrvgyge,4135.9598 EOSDAC,8.3144 PKRDAC
gyztqobzhege,10042.2679 EOSDAC,20.1876 PKRDAC
gyztsmbygqge,1386.3593 EOSDAC,2.7869 PKRDAC
gyztsmrvgage,382.7932 EOSDAC,0.7695 PKRDAC
gyztsnjwguge,3612.9621 EOSDAC,7.2630 PKRDAC
gyztsnrrhege,1000.0000 EOSDAC,2.0103 PKRDAC
gyztsobqgyge,2.0590 EOSDAC,0.0041 PKRDAC
gyztsobxg4ge,93708.4000 EOSDAC,188.3784 PKRDAC
gyztsojzgmge,100.0000 EOSDAC,0.2010 PKRDAC
ha1taobwhege,100.0000 EOSDAC,0.2010 PKRDAC
ha1taobwhere,100.0000 EOSDAC,0.2010 PKRDAC
ha2dgnrwgige,2000.0000 EOSDAC,4.0205 PKRDAC
ha2domrsgene,300000.0000 EOSDAC,603.0786 PKRDAC
ha2taobwhege,9896.8866 EOSDAC,19.8953 PKRDAC
ha2taobwhere,100.0000 EOSDAC,0.2010 PKRDAC
ha2taobxg4ge,97.0669 EOSDAC,0.1951 PKRDAC
ha2tcojrgene,371.3383 EOSDAC,0.7465 PKRDAC
ha2tgmrzhege,312.7481 EOSDAC,0.6287 PKRDAC
ha2tmmbzgege,300000.0000 EOSDAC,603.0786 PKRDAC
ha2tomjugmge,300000.0000 EOSDAC,603.0786 PKRDAC
ha2tqmzrgene,913.4164 EOSDAC,1.8362 PKRDAC
ha2tqnrtgene,23109.1861 EOSDAC,46.4555 PKRDAC
ha2tsmjsgene,22189.4275 EOSDAC,44.6066 PKRDAC
ha2tsnzuguge,11357.4864 EOSDAC,22.8315 PKRDAC
ha3damjugige,6300000.0000 EOSDAC,12664.6498 PKRDAC
ha3danbzhage,745.1556 EOSDAC,1.4980 PKRDAC
ha3dkmrzguge,30.2621 EOSDAC,0.0608 PKRDAC
ha3dmmigenes,12948.0960 EOSDAC,26.0291 PKRDAC
ha3dqnbwgege,980659.7830 EOSDAC,1971.3830 PKRDAC
ha3dqnrwgyge,3016.5462 EOSDAC,6.0640 PKRDAC
ha3dsmbwguge,3026553.0000 EOSDAC,6084.1641 PKRDAC
ha3dsobwguge,9000.0000 EOSDAC,18.0924 PKRDAC
ha3taobwhege,100.0000 EOSDAC,0.2010 PKRDAC
ha3taobwhere,100.0000 EOSDAC,0.2010 PKRDAC
ha3tinzrgqge,850.5897 EOSDAC,1.7099 PKRDAC
ha3tkmzxgene,813.5743 EOSDAC,1.6355 PKRDAC
ha3tmmzwhege,20773.3111 EOSDAC,41.7598 PKRDAC
ha4denjugige,59116.0876 EOSDAC,118.8388 PKRDAC
ha4denjugqge,174149.3137 EOSDAC,350.0857 PKRDAC
ha4dknzxgene,23762.8258 EOSDAC,47.7695 PKRDAC
ha4domjugene,564.8406 EOSDAC,1.1355 PKRDAC
ha4donzzgage,146145.7890 EOSDAC,293.7913 PKRDAC
ha4dqmigenes,221154.1175 EOSDAC,444.5777 PKRDAC
ha4dqnbxhege,10000.0000 EOSDAC,20.1026 PKRDAC
ha4dsmjyhage,14988.0000 EOSDAC,30.1298 PKRDAC
ha4tamjsgene,10812.9304 EOSDAC,21.7368 PKRDAC
ha4tamrwgege,2378.5713 EOSDAC,4.7816 PKRDAC
ha4tcnrygqge,3.0000 EOSDAC,0.0060 PKRDAC
ha4temrwhage,9576980.0000 EOSDAC,19252.2378 PKRDAC
ha4teobxgene,739.4415 EOSDAC,1.4865 PKRDAC
ha4tgmagenes,1453.3792 EOSDAC,2.9217 PKRDAC
ha4tgnrxgene,24.8421 EOSDAC,0.0499 PKRDAC
ha4tmojvgyge,13691.5909 EOSDAC,27.5237 PKRDAC
ha4toobwguge,790.0000 EOSDAC,1.5881 PKRDAC
haydanbsgage,203956.7115 EOSDAC,410.0064 PKRDAC
haydanrugene,10001.5654 EOSDAC,20.1058 PKRDAC
haydaojxgqge,64365.5700 EOSDAC,129.3917 PKRDAC
haydcmjygmge,101.0000 EOSDAC,0.2030 PKRDAC
haydembyhage,7251.3673 EOSDAC,14.5771 PKRDAC
haydemzwgage,1083.4861 EOSDAC,2.1781 PKRDAC
haydenigenes,10000.6749 EOSDAC,20.1040 PKRDAC
haydenztguge,2.0000 EOSDAC,0.0040 PKRDAC
haydgmbygege,31585.2470 EOSDAC,63.4946 PKRDAC
haydgnrwgege,349.8780 EOSDAC,0.7033 PKRDAC
haydgnzsg4ge,1764.2600 EOSDAC,3.5466 PKRDAC
haydinjshage,212.2480 EOSDAC,0.4267 PKRDAC
haydiojtgene,4174.4686 EOSDAC,8.3918 PKRDAC
haydmmbtg4ge,4797.9028 EOSDAC,9.6450 PKRDAC
haydmnbygene,11691.8749 EOSDAC,23.5037 PKRDAC
haydmnzzgege,2305.1796 EOSDAC,4.6340 PKRDAC
haydmobwgqge,4892.1132 EOSDAC,9.8344 PKRDAC
haydomjzhage,51678.5740 EOSDAC,103.8875 PKRDAC
haydqmbzhege,99.9000 EOSDAC,0.2008 PKRDAC
haydqmygenes,9.2127 EOSDAC,0.0185 PKRDAC
haydsmjtgage,589.6273 EOSDAC,1.1853 PKRDAC
haytamrzgmge,1000001.0000 EOSDAC,2010.2639 PKRDAC
haytanbqguge,1622.9448 EOSDAC,3.2625 PKRDAC
haytanjzhege,420013.0831 EOSDAC,844.3363 PKRDAC
haytcnzrg4ge,154738.8472 EOSDAC,311.0656 PKRDAC
haytcojsgige,435.4064 EOSDAC,0.8753 PKRDAC
haytembxhage,67009.6960 EOSDAC,134.7070 PKRDAC
haytgnzzhege,690.6149 EOSDAC,1.3883 PKRDAC
haytimjzgene,24784.6836 EOSDAC,49.8237 PKRDAC
haytimztgqge,42138.2708 EOSDAC,84.7090 PKRDAC
haytkojtgyge,3181.9801 EOSDAC,6.3966 PKRDAC
haytmmbuhege,3199.6751 EOSDAC,6.4322 PKRDAC
haytmmbxge11,1.0000 EOSDAC,0.0020 PKRDAC
haytmmbxge12,1.0000 EOSDAC,0.0020 PKRDAC
haytmmbxge13,1.0000 EOSDAC,0.0020 PKRDAC
haytmmbxge14,1.0000 EOSDAC,0.0020 PKRDAC
haytmmbxge15,1.0000 EOSDAC,0.0020 PKRDAC
haytmmbxge21,1.0000 EOSDAC,0.0020 PKRDAC
haytmmbxge22,1.0000 EOSDAC,0.0020 PKRDAC
haytmmbxge23,1.0000 EOSDAC,0.0020 PKRDAC
haytmmbxge24,1.0000 EOSDAC,0.0020 PKRDAC
haytmmbxgeg2,1.0000 EOSDAC,0.0020 PKRDAC
haytmmbxgeg3,1.0000 EOSDAC,0.0020 PKRDAC
haytmmbxgeg4,1.0000 EOSDAC,0.0020 PKRDAC
haytmmbxgeg5,487.0000 EOSDAC,0.9790 PKRDAC
haytmmbxgege,1.0000 EOSDAC,0.0020 PKRDAC
haytqnbqgmge,100008.9000 EOSDAC,201.0441 PKRDAC
haytsmzqguge,200.8977 EOSDAC,0.4039 PKRDAC
hazdemjwguge,24076.9997 EOSDAC,48.4011 PKRDAC
hazdgmzthege,23491.2715 EOSDAC,47.2236 PKRDAC
hazdgnbvgage,16.3967 EOSDAC,0.0330 PKRDAC
hazdgobygqge,95393.4750 EOSDAC,191.7659 PKRDAC
hazdkmbrguge,1330.5411 EOSDAC,2.6747 PKRDAC
hazdknruhege,414545.8915 EOSDAC,833.3458 PKRDAC
hazdqnjrgage,12604.1304 EOSDAC,25.3376 PKRDAC
hazdqnzqgige,3344.0475 EOSDAC,6.7224 PKRDAC
hazdqnzqhage,3343.0475 EOSDAC,6.7204 PKRDAC
hazdsmzvhage,1632.8502 EOSDAC,3.2825 PKRDAC
hazdsobzhege,100.0000 EOSDAC,0.2010 PKRDAC
hazteojuguge,4355.8847 EOSDAC,8.7565 PKRDAC
haztgmjxhage,18267.7741 EOSDAC,36.7230 PKRDAC
haztinzwgige,821.6063 EOSDAC,1.6516 PKRDAC
he2dsmjugene,1715.1641 EOSDAC,3.4479 PKRDAC
he4denjrgene,139.9657 EOSDAC,0.2814 PKRDAC
he4dimbygene,2764.7383 EOSDAC,5.5578 PKRDAC
he4dqmygenes,442.0497 EOSDAC,0.8886 PKRDAC
helpcarolina,1024.9918 EOSDAC,2.0605 PKRDAC
heydamzzgige,4110.3995 EOSDAC,8.2630 PKRDAC
heydenrygage,56708.9739 EOSDAC,113.9999 PKRDAC
heydgobzgene,695.4308 EOSDAC,1.3980 PKRDAC
heydmmbshege,12461.9101 EOSDAC,25.0517 PKRDAC
heydmnbyhege,1251.0100 EOSDAC,2.5149 PKRDAC
heydqmbqgene,1273.1366 EOSDAC,2.5593 PKRDAC
heytanigenes,2602.7525 EOSDAC,5.2322 PKRDAC
heytmobzgige,10.0000 EOSDAC,0.0201 PKRDAC
heytqnjqgyge,2711.5082 EOSDAC,5.4508 PKRDAC
heytsmrrhage,100.0000 EOSDAC,0.2010 PKRDAC
hezdamjsgene,7943.9134 EOSDAC,15.9693 PKRDAC
hezdcmagenes,44532.2072 EOSDAC,89.5214 PKRDAC
hezdcojqgqge,2894004.2481 EOSDAC,5817.7064 PKRDAC
hezdimzqgqge,96895.0025 EOSDAC,194.7843 PKRDAC
hezdinbtguge,2498.9000 EOSDAC,5.0234 PKRDAC
hezdinzvhege,598.9000 EOSDAC,1.2039 PKRDAC
hezdkmqgenes,19345.1882 EOSDAC,38.8889 PKRDAC
hezdkobrgege,14881.2128 EOSDAC,29.9151 PKRDAC
hezdonrugmge,104.0000 EOSDAC,0.2091 PKRDAC
hezdqnbvhage,571832.0000 EOSDAC,1149.5321 PKRDAC
hezdqnrwgege,12072670.5322 EOSDAC,24269.2293 PKRDAC
heztknygenes,12052.2071 EOSDAC,24.2281 PKRDAC
hiimyims5111,33796.9417 EOSDAC,67.9407 PKRDAC
hiwhatsupbro,1.0000 EOSDAC,0.0020 PKRDAC
hkjohneosid1,94.3700 EOSDAC,0.1897 PKRDAC
hodlers2mars,100.0000 EOSDAC,0.2010 PKRDAC
hodlers4moon,100.0000 EOSDAC,0.2010 PKRDAC
holicnirvana,1.0016 EOSDAC,0.0020 PKRDAC
hologramxeos,800.0036 EOSDAC,1.6082 PKRDAC
huamandubear,661.6169 EOSDAC,1.3300 PKRDAC
hyeogajayson,200.0000 EOSDAC,0.4021 PKRDAC
hyunjae12345,1000.0000 EOSDAC,2.0103 PKRDAC
ianjeffreys1,700.0000 EOSDAC,1.4072 PKRDAC
ianmagician1,5000.0000 EOSDAC,10.0513 PKRDAC
ikosjistudio,2948.4821 EOSDAC,5.9272 PKRDAC
ikuyahimdlda,1.0000 EOSDAC,0.0020 PKRDAC
iloveueosdac,1.0000 EOSDAC,0.0020 PKRDAC
imblackbeard,677.5082 EOSDAC,1.3620 PKRDAC
impromisellc,700.0000 EOSDAC,1.4072 PKRDAC
infinitemine,1.0000 EOSDAC,0.0020 PKRDAC
initialch123,30.0000 EOSDAC,0.0603 PKRDAC
initialch321,20.0000 EOSDAC,0.0402 PKRDAC
initialch345,20.0000 EOSDAC,0.0402 PKRDAC
initialch543,20.0000 EOSDAC,0.0402 PKRDAC
irish2camper,30065.4667 EOSDAC,60.4395 PKRDAC
ironmanstark,1.0000 EOSDAC,0.0020 PKRDAC
irxaccounta1,1.0000 EOSDAC,0.0020 PKRDAC
irxaccounta2,1.0000 EOSDAC,0.0020 PKRDAC
irxaccounta3,1.0000 EOSDAC,0.0020 PKRDAC
irxaccounta4,1.0000 EOSDAC,0.0020 PKRDAC
irxaccounta5,1.0000 EOSDAC,0.0020 PKRDAC
irxaccountb1,1.0000 EOSDAC,0.0020 PKRDAC
irxaccountb2,1.0000 EOSDAC,0.0020 PKRDAC
irxaccountb3,1.0000 EOSDAC,0.0020 PKRDAC
irxaccountb4,1.0000 EOSDAC,0.0020 PKRDAC
irxaccountb5,1.0000 EOSDAC,0.0020 PKRDAC
janaschiffer,249.7500 EOSDAC,0.5021 PKRDAC
janetirene24,9443.7625 EOSDAC,18.9844 PKRDAC
janghyunteak,2733.0600 EOSDAC,5.4942 PKRDAC
jbucksteiner,689.8345 EOSDAC,1.3867 PKRDAC
jeengeorge12,3.2345 EOSDAC,0.0065 PKRDAC
jeffreymathe,549.4500 EOSDAC,1.1045 PKRDAC
jeonsampyo12,1000383.3109 EOSDAC,2011.0324 PKRDAC
jjukkutorilv,100.0000 EOSDAC,0.2010 PKRDAC
johnatboid11,24293.1784 EOSDAC,48.8357 PKRDAC
johnathaneos,200.0000 EOSDAC,0.4021 PKRDAC
jonaswinkler,673.2061 EOSDAC,1.3533 PKRDAC
juhyung12345,399970.0000 EOSDAC,804.0444 PKRDAC
jungyoungsup,1009351.0000 EOSDAC,2029.0598 PKRDAC
jungyublee11,1513.8558 EOSDAC,3.0432 PKRDAC
kallns112233,477152.3711 EOSDAC,959.2012 PKRDAC
kensfuncoins,34160.3024 EOSDAC,68.6712 PKRDAC
kherieosmy15,1261.5641 EOSDAC,2.5361 PKRDAC
kidohyimnguk,150.0000 EOSDAC,0.3015 PKRDAC
kikikowallet,50.0000 EOSDAC,0.1005 PKRDAC
kimhyunki311,1700050.0000 EOSDAC,3417.5457 PKRDAC
kimsandstrom,21587.3225 EOSDAC,43.3962 PKRDAC
kjhsevs12345,100060.0000 EOSDAC,201.1468 PKRDAC
knightingale,2345678.0000 EOSDAC,4715.4271 PKRDAC
koichieguchi,1137.8131 EOSDAC,2.2873 PKRDAC
koreaeosdac1,4000480.0640 EOSDAC,8042.0126 PKRDAC
koreaeoskim5,10.0000 EOSDAC,0.0201 PKRDAC
koreaeosking,10.0000 EOSDAC,0.0201 PKRDAC
koreaman5452,119.5566 EOSDAC,0.2403 PKRDAC
koreanumber1,1703.5156 EOSDAC,3.4245 PKRDAC
koreoswal111,100.0000 EOSDAC,0.2010 PKRDAC
krmoonmansoo,1000.0007 EOSDAC,2.0103 PKRDAC
kswekrich113,10363.0857 EOSDAC,20.8325 PKRDAC
kwonwoosang1,53341.4280 EOSDAC,107.2302 PKRDAC
ladyhawkhera,1.0000 EOSDAC,0.0020 PKRDAC
ladyhawksoun,1.0000 EOSDAC,0.0020 PKRDAC
lafrenchpopo,1.0000 EOSDAC,0.0020 PKRDAC
lcheosdackor,513280.4123 EOSDAC,1031.8280 PKRDAC
learn2forget,1524.5195 EOSDAC,3.0647 PKRDAC
leedongwegel,172767.2546 EOSDAC,347.3074 PKRDAC
leemoon2124m,2108792.9890 EOSDAC,4239.2261 PKRDAC
levchefmove3,250.7241 EOSDAC,0.5040 PKRDAC
llllvvvvllll,1.0000 EOSDAC,0.0020 PKRDAC
llllxxxxllll,1.0000 EOSDAC,0.0020 PKRDAC
loleosdaclol,718252.5996 EOSDAC,1443.8758 PKRDAC
lostblocksio,1169.7246 EOSDAC,2.3515 PKRDAC
lukeeosproxy,435002.0000 EOSDAC,874.4679 PKRDAC
lukesaccount,5284.4499 EOSDAC,10.6231 PKRDAC
lvalentinevv,103173.1320 EOSDAC,207.4050 PKRDAC
macseriseri1,20.0000 EOSDAC,0.0402 PKRDAC
magiceskynet,36.3934 EOSDAC,0.0732 PKRDAC
magicnetwork,1.0000 EOSDAC,0.0020 PKRDAC
magicwallet1,1.0000 EOSDAC,0.0020 PKRDAC
manoloxxxxxx,5744.3904 EOSDAC,11.5477 PKRDAC
marcelcostac,400990.0000 EOSDAC,806.0949 PKRDAC
maskzeosacco,1591061.6275 EOSDAC,3198.4505 PKRDAC
mastermisaka,39.8900 EOSDAC,0.0802 PKRDAC
matazzang423,1.9495 EOSDAC,0.0039 PKRDAC
mattbeckman1,2217.6852 EOSDAC,4.4581 PKRDAC
mentormarket,900.0000 EOSDAC,1.8092 PKRDAC
mfcsanden225,25.0000 EOSDAC,0.0503 PKRDAC
mindjmindj12,366448.6634 EOSDAC,736.6578 PKRDAC
mindreamcash,958.3557 EOSDAC,1.9265 PKRDAC
mineosdacite,505.0000 EOSDAC,1.0152 PKRDAC
mobilescreen,6129896.4703 EOSDAC,12322.6972 PKRDAC
monkeyburp11,120.0000 EOSDAC,0.2412 PKRDAC
moonmansookr,1000.0007 EOSDAC,2.0103 PKRDAC
moonportugal,92.1300 EOSDAC,0.1852 PKRDAC
moontotheeos,5.0000 EOSDAC,0.0101 PKRDAC
mortenmorten,19187.6955 EOSDAC,38.5723 PKRDAC
mryeateshere,364700.0000 EOSDAC,733.1425 PKRDAC
mschoenebeck,8326.6126 EOSDAC,16.7387 PKRDAC
myfirstrobot,1.0000 EOSDAC,0.0020 PKRDAC
mylovemaggie,119224.1198 EOSDAC,239.6717 PKRDAC
myneweosname,75007.2952 EOSDAC,150.7843 PKRDAC
myyunji12345,1000.0000 EOSDAC,2.0103 PKRDAC
nagasakiyaho,34.0000 EOSDAC,0.0683 PKRDAC
nagydaaniel1,3000.0000 EOSDAC,6.0308 PKRDAC
nazar1eos1ua,109.8900 EOSDAC,0.2209 PKRDAC
ndndndndndnd,745.7801 EOSDAC,1.4992 PKRDAC
need4eospeed,5615.9433 EOSDAC,11.2895 PKRDAC
nextstopmoon,21545.1642 EOSDAC,43.3114 PKRDAC
nikishiraki4,145.0000 EOSDAC,0.2915 PKRDAC
nirvana4ever,1.0000 EOSDAC,0.0020 PKRDAC
nirvanaholic,1.0003 EOSDAC,0.0020 PKRDAC
nolighthouse,385260.9133 EOSDAC,774.4753 PKRDAC
noxnoxnoxnox,2800.0000 EOSDAC,5.6287 PKRDAC
octo44thofev,2497.5000 EOSDAC,5.0206 PKRDAC
officialtako,9.9900 EOSDAC,0.0201 PKRDAC
ojciecrydzyk,400.7414 EOSDAC,0.8056 PKRDAC
onex11111111,1016.0913 EOSDAC,2.0426 PKRDAC
parkparklala,1.0000 EOSDAC,0.0020 PKRDAC
pchsgfcszmns,272.0920 EOSDAC,0.5470 PKRDAC
petemccarthy,553.8100 EOSDAC,1.1133 PKRDAC
phoenixhyuck,5770.0534 EOSDAC,11.5993 PKRDAC
piedpipernet,10.8116 EOSDAC,0.0217 PKRDAC
pinturicchio,128035.6820 EOSDAC,257.3853 PKRDAC
pirategang12,1310.0000 EOSDAC,2.6334 PKRDAC
playa4skrila,5315.4269 EOSDAC,10.6854 PKRDAC
pocket4games,100.0000 EOSDAC,0.2010 PKRDAC
pocketmaster,100.0000 EOSDAC,0.2010 PKRDAC
pocketplayer,100.0000 EOSDAC,0.2010 PKRDAC
polonius1111,36.5429 EOSDAC,0.0735 PKRDAC
pramodeosdac,4.9998 EOSDAC,0.0101 PKRDAC
primedeviser,1.0000 EOSDAC,0.0020 PKRDAC
purebrave123,3122413.5504 EOSDAC,6276.8689 PKRDAC
purplesummer,44.0000 EOSDAC,0.0885 PKRDAC
qwerttrewq12,37930.7535 EOSDAC,76.2507 PKRDAC
raisemoney11,455.8618 EOSDAC,0.9164 PKRDAC
raisemoney12,74.8803 EOSDAC,0.1505 PKRDAC
raisemoney13,55.7924 EOSDAC,0.1122 PKRDAC
raisemoney14,55.7924 EOSDAC,0.1122 PKRDAC
raisemoney15,55.7924 EOSDAC,0.1122 PKRDAC
raisemymoney,51.5003 EOSDAC,0.1035 PKRDAC
ramdeathtest,10.0000 EOSDAC,0.0201 PKRDAC
randominator,18.3164 EOSDAC,0.0368 PKRDAC
recovermoney,89.1518 EOSDAC,0.1792 PKRDAC
redfoxredfox,1.0000 EOSDAC,0.0020 PKRDAC
rexneteosdac,525100.0000 EOSDAC,1055.5885 PKRDAC
rhdwnsqo1eos,321.1410 EOSDAC,0.6456 PKRDAC
rhdwnsqo2eos,5.0000 EOSDAC,0.0101 PKRDAC
rhdwnsqo3eos,5.0000 EOSDAC,0.0101 PKRDAC
rhdwnsqo4eos,5.0000 EOSDAC,0.0101 PKRDAC
rhdwnsqo5eos,5.0000 EOSDAC,0.0101 PKRDAC
richcrawford,2503.7291 EOSDAC,5.0332 PKRDAC
richmywallet,75.7423 EOSDAC,0.1523 PKRDAC
richthomas15,22293.3087 EOSDAC,44.8154 PKRDAC
rickyestrada,1510.4388 EOSDAC,3.0364 PKRDAC
rimstareosio,1000.0000 EOSDAC,2.0103 PKRDAC
rnjstnsaks41,2000000.0000 EOSDAC,4020.5237 PKRDAC
robotization,5559.6826 EOSDAC,11.1764 PKRDAC
s.io,60222.0808 EOSDAC,121.0622 PKRDAC
samaustralia,1.0000 EOSDAC,0.0020 PKRDAC
scatteration,5231.7317 EOSDAC,10.5172 PKRDAC
seheecoer123,3732131.0000 EOSDAC,7502.5607 PKRDAC
sendeos2mike,2723.6264 EOSDAC,5.4752 PKRDAC
seo1superman,100.0000 EOSDAC,0.2010 PKRDAC
seongmin1123,661794.4837 EOSDAC,1330.3802 PKRDAC
seouldsbears,100.0000 EOSDAC,0.2010 PKRDAC
shinsukyoung,1000.0000 EOSDAC,2.0103 PKRDAC
silvermander,5000000.0000 EOSDAC,10051.3094 PKRDAC
siriusastern,1.0000 EOSDAC,0.0020 PKRDAC
sitojazzclub,2898.6378 EOSDAC,5.8270 PKRDAC
sm5333vvvsss,500050.2447 EOSDAC,1005.2319 PKRDAC
smedseosacct,9.0532 EOSDAC,0.0182 PKRDAC
snakebones34,5858.9333 EOSDAC,11.7780 PKRDAC
soulsunsoo22,1.0000 EOSDAC,0.0020 PKRDAC
southbourne2,4995.0000 EOSDAC,10.0413 PKRDAC
soyoungkimsk,14980.0000 EOSDAC,30.1137 PKRDAC
spaceinvader,319675.9823 EOSDAC,642.6324 PKRDAC
spiderfos114,156521.3494 EOSDAC,314.6489 PKRDAC
sreddysreddy,7163.4994 EOSDAC,14.4005 PKRDAC
sstarcitizen,2181.8593 EOSDAC,4.3861 PKRDAC
starscorpion,1.0000 EOSDAC,0.0020 PKRDAC
stereotyping,14.5000 EOSDAC,0.0291 PKRDAC
sunheesunhe2,10.0000 EOSDAC,0.0201 PKRDAC
sunheesunhee,10.0000 EOSDAC,0.0201 PKRDAC
sunilkim1114,1054087.6968 EOSDAC,2118.9923 PKRDAC
sunsunsun111,5.0000 EOSDAC,0.0101 PKRDAC
sunsunsun112,5.0000 EOSDAC,0.0101 PKRDAC
sunsunsun121,5.0000 EOSDAC,0.0101 PKRDAC
sunsunsun122,5.0000 EOSDAC,0.0101 PKRDAC
sunsunsun124,5.0000 EOSDAC,0.0101 PKRDAC
sunsunsun125,5.0000 EOSDAC,0.0101 PKRDAC
superpaladog,1.0000 EOSDAC,0.0020 PKRDAC
superstarkru,234.3003 EOSDAC,0.4710 PKRDAC
superstarted,1.0000 EOSDAC,0.0020 PKRDAC
superstarter,1.0000 EOSDAC,0.0020 PKRDAC
superstarufo,1.0000 EOSDAC,0.0020 PKRDAC
suwonxiaoma2,1000.5883 EOSDAC,2.0114 PKRDAC
sweetdolce22,1160.0000 EOSDAC,2.3319 PKRDAC
taoteching11,441.6316 EOSDAC,0.8878 PKRDAC
teammaerdian,825.0000 EOSDAC,1.6585 PKRDAC
thdnckdcjswo,1503983.9769 EOSDAC,3023.4016 PKRDAC
thebigtazman,1546.7541 EOSDAC,3.1094 PKRDAC
thedeveloper,5.0000 EOSDAC,0.0101 PKRDAC
thefishone11,10636.5484 EOSDAC,21.3822 PKRDAC
thehighlands,1.0000 EOSDAC,0.0020 PKRDAC
theknighteos,1.0000 EOSDAC,0.0020 PKRDAC
themagichour,192.0942 EOSDAC,0.3862 PKRDAC
themmaccount,1.0000 EOSDAC,0.0020 PKRDAC
themoaccount,1.0000 EOSDAC,0.0020 PKRDAC
thepxaccount,1.0000 EOSDAC,0.0020 PKRDAC
thestrongbox,1.0000 EOSDAC,0.0020 PKRDAC
thierrystoud,607.8574 EOSDAC,1.2220 PKRDAC
thisisforexm,1.0000 EOSDAC,0.0020 PKRDAC
thisisfortst,1.0000 EOSDAC,0.0020 PKRDAC
tiefenthaler,49.9503 EOSDAC,0.1004 PKRDAC
tkpkaccount1,1.0000 EOSDAC,0.0020 PKRDAC
tkpkaccount2,1.0000 EOSDAC,0.0020 PKRDAC
tkpkaccount3,1.0000 EOSDAC,0.0020 PKRDAC
tkpkaccount4,1.0000 EOSDAC,0.0020 PKRDAC
tkpkaccount5,1.0000 EOSDAC,0.0020 PKRDAC
tktkaccount1,1.0000 EOSDAC,0.0020 PKRDAC
totheandroid,1932979.1145 EOSDAC,3885.7942 PKRDAC
tothehappywd,10.0000 EOSDAC,0.0201 PKRDAC
tpguszzang12,6535628.0178 EOSDAC,13138.3238 PKRDAC
traveltofree,4584.5022 EOSDAC,9.2160 PKRDAC
uddinnasir24,5565.4596 EOSDAC,11.1880 PKRDAC
unenumerated,15040.5927 EOSDAC,30.2355 PKRDAC
unicornpanda,10030.7794 EOSDAC,20.1645 PKRDAC
utaedangcoin,46951.7647 EOSDAC,94.3853 PKRDAC
uzitenenbaum,25438.7059 EOSDAC,51.1385 PKRDAC
vatechhokies,4440.4444 EOSDAC,8.9265 PKRDAC
vendetta4321,100.0000 EOSDAC,0.2010 PKRDAC
vipperson111,80000.0000 EOSDAC,160.8209 PKRDAC
vonvoyageeee,94818.1206 EOSDAC,190.6093 PKRDAC
vvvvvvvvvip1,1.0000 EOSDAC,0.0020 PKRDAC
wallettomoon,20.2858 EOSDAC,0.0408 PKRDAC
wallstreetny,3000.6990 EOSDAC,6.0322 PKRDAC
waltcummings,100.0000 EOSDAC,0.2010 PKRDAC
waterfallllc,100.0000 EOSDAC,0.2010 PKRDAC
wattsmandoor,39497.4929 EOSDAC,79.4003 PKRDAC
wegotogether,1.0000 EOSDAC,0.0020 PKRDAC
wjdtjsgml123,57515.5467 EOSDAC,115.6213 PKRDAC
woridongnega,1.0000 EOSDAC,0.0020 PKRDAC
xxxthirtyxxx,100.0000 EOSDAC,0.2010 PKRDAC
yangdori1234,47.4971 EOSDAC,0.0955 PKRDAC
yangjeeho123,24757.4981 EOSDAC,49.7691 PKRDAC
yazhououzhou,35533.8826 EOSDAC,71.4324 PKRDAC
yeshetrinley,5201317.8934 EOSDAC,10456.0111 PKRDAC
yjchangmyeos,185.1972 EOSDAC,0.3723 PKRDAC
yoojaeho1313,330.0000 EOSDAC,0.6634 PKRDAC
youngeun1234,1000.0000 EOSDAC,2.0103 PKRDAC
youtube11111,1.0000 EOSDAC,0.0020 PKRDAC
yuezhongtian,863.0840 EOSDAC,1.7350 PKRDAC
yunhaesang12,1000100.0000 EOSDAC,2010.4629 PKRDAC
zepiwallet11,5.0000 EOSDAC,0.0101 PKRDAC
zepiwallet22,5.0000 EOSDAC,0.0101 PKRDAC
zielonykotek,20.0000 EOSDAC,0.0402 PKRDAC
zincographer,2800.0000 EOSDAC,5.6287 PKRDAC
zxf123123321,140319.7716 EOSDAC,282.0795 PKRDAC
zzzzz111zzzz,598880.0000 EOSDAC,1203.9056 PKRDAC